"verb_id","lex","scroll","book_canonical","text_unit","chapter","verse_num","gcons_verb","gcons_verse","sign_info","stem","tense","gcons_clause","subject","complement","cmpl_lex","cmpl_translation","dir_he","cmpl_constr","cmpl_nt","cmpl_anim","cmpl_det","cmpl_indiv","cmpl_complex","motion_type","spatial_arg_type","preposition_1","preposition_2","preposition_3","preposition_4","preposition_5","preposition_6","comments","reconstructed_verse","study_edition","verse_genre","verse_language","era_style","book_scroll","cmpl_syntax"
212830,"BW>[","MT","Isaiah","1_Isaiah",2,19,"B>W","W B>W B M<RWT YRJM W B MXLWT <PR M PNJ PXD JHWH W M HDR G>WNW B QWMW L <RY H >RY",NA,"qal","perf","W B>W B M<RWT YRJM W B MXLWT <PR M PNJ PXD JHWH W M HDR G>WNW",NA,"B M<RWT YRJM W B MXLWT <PR","B M<RH/ YWR/ W B MXLH==/ <PR/","in caves of rocks and in holes of dust",0,"prep","place","inanim","und","subs","complex","factive","goal","B","B",NA,NA,NA,NA,NA,NA,NA,"prophetic","Hebrew","CBH","Isaiah_MT","prepositional"
1895648,"BW>[","1Qisaa","Isaiah","1_Isaiah",2,19,"B>W","W B>W B M<RWT YWRJM W B MXLWT <PR M PNJ PXD JHWH W M HDR G>WNW B QWMW L <RWY H >RY","0 000 0 00000 00000 0 0 00000 000 0 000 111 1100 0 0 000 00000 0 0000 0 0000 0 000","qal","perf","W B>W B M<RWT YWRJM W B MXLWT <PR M PNJ PXD JHWH W M HDR G>WNW",NA,"B M<RWT YWRJM W B MXLWT <PR","B M<RH/ YWR/ W B MXLH==/ <PR/","in caves of rocks and in holes of dust",0,"prep","place","inanim","und","subs","complex","factive","goal","B","B",NA,NA,NA,NA,NA,"W B>W B M<RWT YWRJM W B MXLWT <PR M PNJ [PXD JH]WH W M HDR G>WNW B QWMW L <RWY H >RY",NA,"prophetic","Hebrew","CBH","Isaiah_1Qisaa","prepositional"
215567,"NWS[","MT","Isaiah","1_Isaiah",10,3,"TNWSW","W MH T<FW L JWM PQDH W L CW>H M MRXQ TBW> <L MJ TNWSW L <ZRH W >NH T<ZBW KBWDKM",NA,"qal","impf","<L MJ TNWSW L <ZRH",NA,"<L MJ","<L MJ","to whom",0,"prep","interrogative pronoun","anim","und","ppin","simple","factive","goal","<L",NA,NA,NA,NA,NA,NA,NA,NA,"prophetic","Hebrew","CBH","Isaiah_MT","prepositional"
1898485,"NWS[","1Qisaa","Isaiah","1_Isaiah",10,3,"TNWSW","W MH T<FW L JWM PQWDH W L C>H M MRXQ TBW> <L MJ TNWSW L <ZRH W >NH T<ZWBW KBWDKM","0 00 0000 0 000 00000 0 0 000 0 0000 0000 00 00 00000 0 0000 0 000 000000 000000","qal","impf","<L MJ TNWSW L <ZRH",NA,"<L MJ","<L MJ","to whom",0,"prep","interrogative pronoun","anim","und","ppin","simple","factive","goal","<L",NA,NA,NA,NA,NA,NA,"W MH T<FW L JWM PQWDH W L C>H M MRXQ TBW> <L MJ TNWSW L <ZRH W >NH T<ZWBW KBWDKM",NA,"prophetic","Hebrew","CBH","Isaiah_1Qisaa","prepositional"
217101,"JRD[","MT","Isaiah","1_Isaiah",14,19,"JWRDJ","W >TH HCLKT M QBRK K NYR NT<B LBWC HRGJM MV<NJ XRB JWRDJ >L >BNJ BWR K PGR MWBS",NA,"qal","ptca","JWRDJ >L >BNJ BWR K PGR MWBS",NA,">L >BNJ BWR",">L >BN/ BWR/","to stones of the pit",0,"prep","place","inanim","und","subs","complex","factive","goal",">L",NA,NA,NA,NA,NA,NA,NA,NA,"prophetic","Hebrew","CBH","Isaiah_MT","prepositional"
217594,"T<H[","MT","Isaiah","1_Isaiah",16,8,"T<W","KJ CDMWT XCBWN >MLL GPN FBMH B<LJ GWJM HLMW FRWQJH <D J<ZR NG<W T<W MDBR CLXWTJH NVCW <BRW JM",NA,"qal","perf","T<W MDBR",NA,"MDBR","MDBR/","to a desert",0,"vc","place","inanim","und","subs","simple","factive","goal",NA,NA,NA,NA,NA,NA,NA,NA,NA,"prophetic","Hebrew","CBH","Isaiah_MT","non-prepositional"
217992,"HLK[","MT","Isaiah","1_Isaiah",18,2,"LKW","H CLX B JM YJRJM W B KLJ GM> <L PNJ MJM LKW ML>KJM QLJM >L GWJ MMCK W MWRV >L <M NWR> MN HW> W HL>H GWJ QW QW W MBWSH >CR BZ>W NHRJM >RYW",NA,"qal","impv","LKW >L GWJ MMCK W MWRV",NA,">L GWJ MMCK W MWRV",">L GWJ/ MCK[ W MRV[","to a nation tall and smooth",0,"prep","gens","anim","und","subs","complex","factive","goal",">L",NA,NA,NA,NA,NA,NA,NA,NA,"prophetic","Hebrew","CBH","Isaiah_MT","prepositional"
1901031,"HLK[","1Qisaa","Isaiah","1_Isaiah",18,2,"LKW","H CWLX B JM YJRJM W B KLJ GM> <L PNJ MJM LKW ML>KJM QLJM L GWJ MMCK W MMWRV >L <M NWR> MN HW> W HL>H GWJ QWQW W MBWSH >CR BZ>J NHRJM >RYW","0 0000 0 00 00000 0 0 000 000 00 000 000 000 000000 0000 0 000 0000 0 00000 00 00 0000 00 000 0 0000 000 0000 0 00000 000 0000 00000 0000","qal","impv","LKW L GWJ MMCK W MMWRV",NA,"L GWJ MMCK W MMWRV","L GWJ/ MCK[ W MRV[","to a nation tall and smooth",0,"prep","gens","anim","und","subs","complex","factive","goal","L",NA,NA,NA,NA,NA,NA,"H CWLX B JM YJRJM W B KLJ GM> <L PNJ MJM LKW ML>KJM QLJM L GWJ MMCK W MMWRV >L <M NWR> MN HW> W HL>H GWJ QWQW W MBWSH >CR BZ>J NHRJM >RYW",NA,"prophetic","Hebrew","CBH","Isaiah_1Qisaa","prepositional"
219565,"<BR[","MT","Isaiah","1_Isaiah",23,12,"<BRJ","W J>MR L> TWSJPJ <WD L <LWZ H M<CQH BTWLT BT YJDWN KTJJM QWMJ <BRJ GM CM L> JNWX LK",NA,"qal","impv","KTJJM <BRJ",NA,"KTJJM","KTJ/","to a Cypriote (place)",0,"vc","place","inanim","und","subs","simple","factive","goal",NA,NA,NA,NA,NA,NA,NA,NA,NA,"prophetic","Hebrew","CBH","Isaiah_MT","non-prepositional"
1902679,"<BR[","1Qisaa","Isaiah","1_Isaiah",23,12,"<BRJ","W JW>MR LW> TWSJPJ <WD L <LWZ M<CQH BTWLT BT YJDWN KTJJM QWMJ <BRJ GM CM LW> JNWX LK","0 00000 000 000000 000 0 0000 00000 00000 00 00000 00000 0000 0000 00 00 000 0000 00","qal","impv","KTJJM <BRJ",NA,"KTJJM","KTJ/","to a Cypriote (place)",0,"vc","place","inanim","und","subs","simple","factive","goal",NA,NA,NA,NA,NA,NA,NA,"W JW>MR LW> TWSJPJ <WD L <LWZ M<CQH BTWLT BT YJDWN KTJJM QWMJ <BRJ GM CM LW> JNWX LK",NA,"prophetic","Hebrew","CBH","Isaiah_1Qisaa","non-prepositional"
225696,"<LH[","MT","Isaiah","2_Isaiah",40,9,"<LJ","<L HR GBH <LJ LK MBFRT YJWN HRJMJ B KX QWLK MBFRT JRWCLM HRJMJ >L TJR>J >MRJ L <RJ JHWDH HNH >LHJKM",NA,"qal","impv","<L HR GBH <LJ LK",NA,"<L HR GBH","<L HR/ GBH/","to a high mountain",0,"prep","place","inanim","und","subs","complex","factive","goal","<L",NA,NA,NA,NA,NA,NA,NA,NA,"prophetic","Hebrew","other","Isaiah_MT","prepositional"
1909147,"<LH[","1Qisaa","Isaiah","2_Isaiah",40,9,"<LJ","<L HR GBH <LJ LKJ MBFRT YJWN HRJMJ B KWX QWLK MBFRT JRWCLJM HRJMJ >L TJR>J >MWRJ L <RJ JHWDH HNH >LWHHKMH","00 00 000 000 000 00000 0000 00000 0 000 0000 00000 0000000 00000 00 00000 00000 0 000 00000 000 00000000","qal","impv","<L HR GBH <LJ LKJ",NA,"<L HR GBH","<L HR/ GBH/","to a high mountain",0,"prep","place","inanim","und","subs","complex","factive","goal","<L",NA,NA,NA,NA,NA,NA,"<L HR GBH <LJ LKJ MBFRT YJWN HRJMJ B KWX QWLK MBFRT JRWCLJM HRJMJ >L TJR>J >MWRJ L <RJ JHWDH HNH >LWHHKMH",NA,"prophetic","Hebrew","other","Isaiah_1Qisaa","prepositional"
232056,"BW>[","MT","Isaiah","2_Isaiah",58,7,"TBJ>","H LW> PRS L R<B LXMK W <NJJM MRWDJM TBJ> BJT KJ TR>H <RM W KSJTW W M BFRK L> TT<LM",NA,"hif","impf","W <NJJM MRWDJM TBJ> BJT",NA,"BJT","BJT/","to a house",0,"vc","place","inanim","und","subs","simple","factive","goal",NA,NA,NA,NA,NA,NA,NA,NA,NA,"prophetic","Hebrew","other","Isaiah_MT","non-prepositional"
1915881,"BW>[","1Qisaa","Isaiah","2_Isaiah",58,7,"TBJ>","H LW> PRWS L R<B LXMKH W <NWJJM MRWDJM TBJ> BJT KJ> TR>H <RWM W KSJTW BGD W M BFRKH LW> TT<L","0 000 0000 0 000 00000 0 000000 000000 0000 000 000 0000 0000 0 00000 000 0 0 00000 000 0000","hifil","impf","W <NWJJM MRWDJM TBJ> BJT",NA,"BJT","BJT/","to a house",0,"vc","place","inanim","und","subs","simple","factive","goal",NA,NA,NA,NA,NA,NA,NA,"H LW> PRWS L R<B LXMKH W <NWJJM MRWDJM TBJ> BJT KJ> TR>H <RWM W KSJTW BGD W M BFRKH LW> TT<L",NA,"prophetic","Hebrew","other","Isaiah_1Qisaa","non-prepositional"
1925476,"BW>[","1Q8","Isaiah","2_Isaiah",58,7,"TBJ>","H LW> PRWS L R<B LXMK <NJJM MRDJM TBJ> BJT KJ TR>H <RWM W KSJTW W M BFRK L> TT<LM","0 000 0000 0 000 0000 00000 00000 0000 000 00 0000 0000 0 00000 0 0 0000 00 00000","hifil","impf","<NJJM MRDJM TBJ> BJT",NA,"BJT","BJT/","to a house",0,"vc","place","inanim","und","subs","simple","factive","goal",NA,NA,NA,NA,NA,NA,NA,"H LW> PRWS L R<B LXMK <NJJM MRDJM TBJ> BJT KJ TR>H <RWM W KSJTW W M BFRK L> TT<LM",NA,"prophetic","Hebrew","other","Isaiah_1Q8","non-prepositional"
212418,"BW>[","MT","Isaiah","1_Isaiah",1,23,"JBW>","FRJK SWRRJM W XBRJ GNBJM KLW >HB CXD W RDP CLMNJM JTWM L> JCPVW W RJB >LMNH L> JBW> >LJHM",NA,"qal","impf","W RJB >LMNH L> JBW> >LJHM","RJB >LMNH",">LJHM",">L","to them",0,"prep","group","anim","det","prsf","simple","factive","goal",">L",NA,NA,NA,NA,NA,NA,NA,NA,"prophetic","Hebrew","CBH","Isaiah_MT","prepositional"
1895234,"BW>[","1Qisaa","Isaiah","1_Isaiah",1,23,"JBW>","FRJKJ SWRRJM W XBRJ GNBJM KWLM >WHBJ CWXD RWDPJ CLMWNJM J>TWM LW> JCPVW W RJB >LMNH LW> JBW> >LJHM","00000 011111 1 1111 00000 0000 00000 0000 00000 0000000 00000 000 00011 1 111 00000 000 0000 00000","qal","impf","W RJB >LMNH LW> JBW> >LJHM","RJB >LMNH",">LJHM",">L","to them",0,"prep","group","anim","det","prsf","simple","factive","goal",">L",NA,NA,NA,NA,NA,NA,"FRJKJ S[WRRJM W XBRJ] GNBJM KWLM >WHBJ CWXD RWDPJ CLMWNJM J>TWM LW> JCP[VW W RJB] >LMNH LW> JBW> >LJHM",NA,"prophetic","Hebrew","CBH","Isaiah_1Qisaa","prepositional"
212437,"CWB[","MT","Isaiah","1_Isaiah",1,25,">CJBH","W >CJBH JDJ <LJK W >YRP K BR SJGJK W >SJRH KL BDJLJK",NA,"hif","impf","W >CJBH JDJ <LJK",NA,"<LJK","<L","upon you",0,"prep","person","anim","det","prsf","simple","factive","goal","<L",NA,NA,NA,NA,NA,NA,NA,NA,"prophetic","Hebrew","CBH","Isaiah_MT","prepositional"
1895257,"CWB[","1Qisaa","Isaiah","1_Isaiah",1,25,"HCJB","W HCJB JDJ <LJK W >YRP K BR SWGJK W >SJR KWL BDJLJK","0 0000 000 0000 0 0011 1 11 00000 0 0000 000 000000","hifil","perf","W HCJB JDJ <LJK",NA,"<LJK","<L","upon you",0,"prep","person","anim","det","prsf","simple","factive","goal","<L",NA,NA,NA,NA,NA,NA,"W HCJB JDJ <LJK W >Y[RP K BR] SWGJK W >SJR KWL BDJLJK",NA,"prophetic","Hebrew","CBH","Isaiah_1Qisaa","prepositional"
212564,"NHR[","MT","Isaiah","1_Isaiah",2,2,"NHRW","W HJH B >XRJT H JMJM NKWN JHJH HR BJT JHWH B R>C H HRJM W NF> M GB<WT W NHRW >LJW KL H GWJM",NA,"qal","perf","W NHRW >LJW KL H GWJM","KL H GWJM",">LJW",">L","to him / it",0,"prep","place","inanim","det","prsf","simple","factive","goal",">L",NA,NA,NA,NA,NA,NA,NA,NA,"prophetic","Hebrew","CBH","Isaiah_MT","prepositional"
1895388,"NHR[","1Qisaa","Isaiah","1_Isaiah",2,2,"NHRW","W HJH B >XRJT H JMJM NKWN JHJH HR BJT JHWH B R>C HRJM W NF> M GB<WT W NHRW <LWHJ KWL H GW>JM","0 000 0 00000 0 0000 0000 0000 00 000 0000 0 000 0000 0 000 0 00000 0 0000 00000 000 0 00000","qal","perf","W NHRW <LWHJ KWL H GW>JM","KWL H GW>JM","<LWHJ",">L","to him / it",0,"prep","place","inanim","det","prsf","simple","factive","goal",">L",NA,NA,NA,NA,NA,NA,"W HJH B >XRJT H JMJM NKWN JHJH HR BJT JHWH B R>C HRJM W NF> M GB<WT W NHRW <LWHJ KWL H GW>JM",NA,"prophetic","Hebrew","CBH","Isaiah_1Qisaa","prepositional"
212577,"<LH[","MT","Isaiah","1_Isaiah",2,3,"N<LH","W HLKW <MJM RBJM W >MRW LKW W N<LH >L HR JHWH >L BJT >LHJ J<QB W JRNW M DRKJW W NLKH B >RXTJW KJ M YJWN TY> TWRH W DBR JHWH M JRWCLM",NA,"qal","impf","W N<LH >L HR JHWH >L BJT >LHJ J<QB",NA,">L HR JHWH >L BJT >LHJ J<QB",">L HR/ JHWH/ >L BJT/ >LHJM/ J<QB/","to the mountain of Yahwe to the house of the God of Jacob",0,"prep","place","inanim","det","subs","complex","factive","goal",">L",">L",NA,NA,NA,NA,NA,NA,NA,"prophetic","Hebrew","CBH","Isaiah_MT","prepositional"
1895402,"<LH[","1Qisaa","Isaiah","1_Isaiah",2,3,"N<LH","W HLKW <MJM RBJM W >MRW LKW W N<LH >L BJT >LWHJ J<QWB W JRWNW M DRKJW W N>LKH B >WRXTJW KJ> M YJWN TY> TWRH W DBR JHWH M JRWCLJM","0 0000 0000 0000 0 0000 000 0 0000 00 000 00000 00000 0 00000 0 00000 0 00000 0 0000000 000 0 0000 000 0000 0 000 0000 0 0000000","qal","impf","W N<LH >L BJT >LWHJ J<QWB",NA,">L BJT >LWHJ J<QWB",">L BJT/ >LHJM/ J<QB/","to the house of the God of Jacob",0,"prep","place","inanim","det","subs","complex","factive","goal",">L",NA,NA,NA,NA,NA,NA,"W HLKW <MJM RBJM W >MRW LKW W N<LH >L BJT >LWHJ J<QWB W JRWNW M DRKJW W N>LKH B >WRXTJW KJ> M YJWN TY> TWRH W DBR JHWH M JRWCLJM",NA,"prophetic","Hebrew","CBH","Isaiah_1Qisaa","prepositional"
212702,"BW>[","MT","Isaiah","1_Isaiah",2,10,"BW>","BW> B YWR W HVMN B <PR M PNJ PXD JHWH W M HDR G>NW",NA,"qal","impv","BW> B YWR",NA,"B YWR","B H YWR/","in the rock",0,"prep","place","inanim","det","subs","simple","factive","goal","B",NA,NA,NA,NA,NA,NA,NA,NA,"prophetic","Hebrew","CBH","Isaiah_MT","prepositional"
212880,"BW>[","MT","Isaiah","1_Isaiah",2,21,"BW>","L BW> B NQRWT H YRJM W B S<PJ H SL<JM M PNJ PXD JHWH W M HDR G>WNW B QWMW L <RY H >RY",NA,"qal","infc","L BW> B NQRWT H YRJM W B S<PJ H SL<JM M PNJ PXD JHWH W M HDR G>WNW",NA,"B NQRWT H YRJM W B S<PJ H SL<JM","B NQRH/ H YWR/ W B S<JP/ H SL</","in the caverns of the rocks and in the clefts of the cliffs",0,"prep","place","inanim","det","subs","complex","factive","goal","B","B",NA,NA,NA,NA,NA,NA,NA,"prophetic","Hebrew","CBH","Isaiah_MT","prepositional"
1895697,"BW>[","1Qisaa","Isaiah","1_Isaiah",2,21,"BW>","L BW> B NQRWT H YWRJM W B S<PJ H SL<JM M PNJ PXD JHWH W M HDR G>WNW B QWMW L <RWY H >RY","0 000 0 00000 1 11111 1 1 0000 0 00000 0 000 000 0000 0 0 000 00000 0 0000 0 0000 0 000","qal","infc","L BW> B NQRWT H YWRJM W B S<PJ H SL<JM M PNJ PXD JHWH W M HDR G>WNW",NA,"B NQRWT H YWRJM W B S<PJ H SL<JM","B NQRH/ H YWR/ W B S<JP/ H SL</","in the caverns of the rocks and in the clefts of the cliffs",0,"prep","place","inanim","det","subs","complex","factive","goal","B","B",NA,NA,NA,NA,NA,"L BW> B NQRWT [H YWRJM W B] S<PJ H SL<JM M PNJ PXD JHWH W M HDR G>WNW B QWMW L <RWY H >RY",NA,"prophetic","Hebrew","CBH","Isaiah_1Qisaa","prepositional"
214081,"<WP[","MT","Isaiah","1_Isaiah",6,6,"J<P","W J<P >LJ >XD MN H FRPJM W B JDW RYPH B MLQXJM LQX M <L H MZBX",NA,"qal","wayq","W J<P >LJ >XD MN H FRPJM",">XD MN H FRPJM",">LJ",">L","to me",0,"prep","person","anim","det","prsf","simple","factive","goal",">L",NA,NA,NA,NA,NA,NA,NA,NA,"prophetic","Hebrew","CBH","Isaiah_MT","prepositional"
1896924,"<WP[","1Qisaa","Isaiah","1_Isaiah",6,6,"J<WP","W J<WP >LJ >XD MN H FRPJM W B JDW RYPH B MLQXJM LQX M <L H MZBX","0 0000 000 000 00 0 00000 0 0 000 0000 0 000000 000 0 00 0 0010","qal","wayy","W J<WP >LJ >XD MN H FRPJM",">XD MN H FRPJM",">LJ",">L","to me",0,"prep","person","anim","det","prsf","simple","factive","goal",">L",NA,NA,NA,NA,NA,NA,"W J<WP >LJ >XD MN H FRPJM W B JDW RYPH B MLQXJM LQX M <L H MZ[B]X",NA,"prophetic","Hebrew","CBH","Isaiah_1Qisaa","prepositional"
214256,"<LH[","MT","Isaiah","1_Isaiah",7,1,"<LH","W JHJ B JMJ >XZ BN JWTM BN <ZJHW MLK JHWDH <LH RYJN MLK >RM W PQX BN RMLJHW MLK JFR>L JRWCLM L MLXMH <LJH W L> JKL L HLXM <LJH",NA,"qal","perf","<LH RYJN MLK >RM W PQX BN RMLJHW MLK JFR>L JRWCLM L MLXMH <LJH","RYJN MLK >RM W PQX BN RMLJHW MLK JFR>L","JRWCLM","JRWCLM/","to Jerusalem",0,"vc","toponym","inanim","det","nmpr","simple","factive","goal",NA,NA,NA,NA,NA,NA,NA,NA,NA,"prophetic","Hebrew","CBH","Isaiah_MT","non-prepositional"
1897102,"<LH[","1Qisaa","Isaiah","1_Isaiah",7,1,"<LH","W JHJ B JMJ >XZ BN JWTM BN <WZJH MLK JHWDH <LH RYJN MLK >RM W PQX BN RWMLJH MLK JFR>L JRWCLM L MLXMH <LJH W LW> JKLW L HLXM <LJH","0 000 0 000 000 00 0000 00 00000 000 00000 000 0000 000 000 0 000 00 000000 000 00000 000000 0 00000 0000 0 000 0000 0 0000 0000","qal","perf","<LH RYJN MLK >RM W PQX BN RWMLJH MLK JFR>L JRWCLM L MLXMH <LJH","RYJN MLK >RM W PQX BN RWMLJH MLK JFR>L","JRWCLM","JRWCLM/","to Jerusalem",0,"vc","toponym","inanim","det","nmpr","simple","factive","goal",NA,NA,NA,NA,NA,NA,NA,"W JHJ B JMJ >XZ BN JWTM BN <WZJH MLK JHWDH <LH RYJN MLK >RM W PQX BN RWMLJH MLK JFR>L JRWCLM L MLXMH <LJH W LW> JKLW L HLXM <LJH",NA,"prophetic","Hebrew","CBH","Isaiah_1Qisaa","non-prepositional"
214368,"<LH[","MT","Isaiah","1_Isaiah",7,6,"N<LH","N<LH B JHWDH W NQJYNH W NBQ<NH >LJNW W NMLJK MLK B TWKH >T BN VB>L",NA,"qal","impf","N<LH B JHWDH",NA,"B JHWDH","B JHWDH/","against/to Judah",0,"prep","toponym","inanim","det","nmpr","simple","factive","goal","B",NA,NA,NA,NA,NA,NA,NA,NA,"prophetic","Hebrew","CBH","Isaiah_MT","prepositional"
1897221,"<LH[","1Qisaa","Isaiah","1_Isaiah",7,6,"N<LH","N<LH B JHWDH W NQJYNH W NBQ<NH >LJNW W NMLJK MLK B TWKH >T BN VB>L","0000 0 00000 0 000000 0 000000 00000 0 00000 000 0 0000 00 00 0000","qal","impf","N<LH B JHWDH",NA,"B JHWDH","B JHWDH/","against/to Judah",0,"prep","toponym","inanim","det","nmpr","simple","factive","goal","B",NA,NA,NA,NA,NA,NA,"N<LH B JHWDH W NQJYNH W NBQ<NH >LJNW W NMLJK MLK B TWKH >T BN VB>L",NA,"prophetic","Hebrew","CBH","Isaiah_1Qisaa","prepositional"
214768,"QRB[","MT","Isaiah","1_Isaiah",8,3,">QRB","W >QRB >L H NBJ>H W THR W TLD BN W J>MR JHWH >LJ QR> CMW MHR CLL XC BZ",NA,"qal","wayq","W >QRB >L H NBJ>H",NA,">L H NBJ>H",">L H NBJ>H/","to the prophetess",0,"prep","person","anim","det","subs","simple","factive","goal",">L",NA,NA,NA,NA,NA,NA,NA,NA,"prophetic","Hebrew","CBH","Isaiah_MT","prepositional"
1897634,"QRB[","1Qisaa","Isaiah","1_Isaiah",8,3,">QRB","W >QRB >L H NBJ> W THR W TLD BN W J>WMR JHWH >LJ QR> CMW MHR CLL XC BZ","0 0000 00 0 0000 0 000 0 000 00 0 00000 0000 000 000 000 000 000 00 00","qal","wayy","W >QRB >L H NBJ>",NA,">L H NBJ>",">L H NBJ>","to the prophet",0,"prep","place","inanim","det","subs","simple","factive","goal",">L",NA,NA,NA,NA,NA,NA,"W >QRB >L H NBJ> W THR W TLD BN W J>WMR JHWH >LJ QR> CMW MHR CLL XC BZ",NA,"prophetic","Hebrew","CBH","Isaiah_1Qisaa","prepositional"
214840,"<LH[","MT","Isaiah","1_Isaiah",8,7,"M<LH","W LKN HNH >DNJ M<LH <LJHM >T MJ H NHR H <YWMJM W H RBJM >T MLK >CWR W >T KL KBWDW W <LH <L KL >PJQJW W HLK <L KL GDWTJW",NA,"hif","ptca","HNH >DNJ M<LH <LJHM >T MJ H NHR H <YWMJM W H RBJM >T MLK >CWR W >T KL KBWDW",">DNJ","<LJHM","<L","upon / on them",0,"prep","group","anim","det","prsf","simple","factive","goal","<L",NA,NA,NA,NA,NA,NA,NA,NA,"prophetic","Hebrew","CBH","Isaiah_MT","prepositional"
1897717,"<LH[","1Qisaa","Isaiah","1_Isaiah",8,7,"M<LH","W L KN HNH >DWNJ JHWH M<LH <LJHM >T MJ H NHR H H <YWMJM W H RBJM >T MLK >CWR W >T KWL KBWDW W <LH <L KWL >PJQJW W HLK <L KWL GDWWTJW","0 0 00 000 00000 0000 0000 00000 00 00 0 000 0 1 111111 1 1 1111 11 100 0000 0 00 000 00000 0 000 11 111 111111 1 111 11 111 0000000","hifil","ptca","HNH >DWNJ JHWH M<LH <LJHM >T MJ H NHR H H <YWMJM W H RBJM >T MLK >CWR W >T KWL KBWDW",">DWNJ JHWH","<LJHM","<L","upon / on them",0,"prep","group","anim","det","prsf","simple","factive","goal","<L",NA,NA,NA,NA,NA,NA,"W L KN HNH >DWNJ JHWH M<LH <LJHM >T MJ H NHR H [H <YWMJM W H RBJM >T M]LK >CWR W >T KWL KBWDW W <LH [<L KWL >PJQJW W HLK <L KWL] GDWWTJW",NA,"prophetic","Hebrew","CBH","Isaiah_1Qisaa","prepositional"
214869,"XLP[","MT","Isaiah","1_Isaiah",8,8,"XLP","W XLP B JHWDH CVP W <BR <D YW>R JGJ< W HJH MVWT KNPJW ML> RXB >RYK <MNW >L",NA,"qal","perf","W XLP B JHWDH",NA,"B JHWDH","B JHWDH/","against/to Judah",0,"prep","toponym","inanim","det","nmpr","simple","factive","goal","B",NA,NA,NA,NA,NA,NA,NA,NA,"prophetic","Hebrew","CBH","Isaiah_MT","prepositional"
1897748,"XLP[","1Qisaa","Isaiah","1_Isaiah",8,8,"XLP","W XLP B JHWDH CVP W <BR <D YW>R JGJ< W HJH MVWT KNPJW MLW> RXB >RYK <MNW >L","0 000 0 00000 000 0 000 00 0000 0000 0 000 0000 00000 0000 000 0000 0000 00","qal","perf","W XLP B JHWDH",NA,"B JHWDH","B JHWDH/","against/to Judah",0,"prep","toponym","inanim","det","nmpr","simple","factive","goal","B",NA,NA,NA,NA,NA,NA,"W XLP B JHWDH CVP W <BR <D YW>R JGJ< W HJH MVWT KNPJW MLW> RXB >RYK <MNW >L",NA,"prophetic","Hebrew","CBH","Isaiah_1Qisaa","prepositional"
216009,"BW>[","MT","Isaiah","1_Isaiah",10,28,"B>","B> <L <JT <BR B MGRWN L MKMF JPQJD KLJW",NA,"qal","perf","B> <L <JT",NA,"<L <JT","<L <JT/","to Aiath",0,"prep","toponym","inanim","det","nmpr","simple","factive","goal","<L",NA,NA,NA,NA,NA,NA,NA,NA,"prophetic","Hebrew","CBH","Isaiah_MT","prepositional"
216857,"BW>[","MT","Isaiah","1_Isaiah",14,2,"HBJ>WM","W LQXWM <MJM W HBJ>WM >L MQWMM W HTNXLWM BJT JFR>L <L >DMT JHWH L <BDJM W L CPXWT W HJW CBJM L CBJHM W RDW B NGFJHM",NA,"hif","perf","W HBJ>WM >L MQWMM",NA,">L MQWMM",">L MQWM/","to their place",0,"prep","place","inanim","det","subs","complex","factive","goal",">L",NA,NA,NA,NA,NA,NA,NA,NA,"prophetic","Hebrew","CBH","Isaiah_MT","prepositional"
1899844,"BW>[","1Qisaa","Isaiah","1_Isaiah",14,2,"HBJ>WM","W LQXWM <MJM RBJM W HBJ>WM >L >DMTM W >L MQWMM W HTNXLWM BJT JFR>L >L >DMT JHWH L <BDJM W L CPXWT W HJW CWBJM L CWBJHM W RDJM B NWGFJHM","0 00000 0000 0000 0 000000 00 00000 0 00 00000 0 0000000 000 00000 00 0000 0000 0 00000 0 0 00000 0 000 00000 0 000000 0 0000 0 0000000","hifil","perf","W HBJ>WM >L >DMTM W >L MQWMM",NA,">L >DMTM W >L MQWMM",">L >DMH/ W >L MQWM/","to their land and to their place",0,"prep","place","inanim","det","subs","complex","factive","goal",">L",">L",NA,NA,NA,NA,NA,"W LQXWM <MJM RBJM W HBJ>WM >L >DMTM W >L MQWMM W HTNXLWM BJT JFR>L >L >DMT JHWH L <BDJM W L CPXWT W HJW CWBJM L CWBJHM W RDJM B NWGFJHM",NA,"prophetic","Hebrew","CBH","Isaiah_1Qisaa","prepositional"
216956,"<LH[","MT","Isaiah","1_Isaiah",14,8,"J<LH","GM BRWCJM FMXW LK >RZJ LBNWN M >Z CKBT L> J<LH H KRT <LJNW",NA,"qal","impf","L> J<LH H KRT <LJNW","H KRT","<LJNW","<L","to us",0,"prep","person","anim","det","prsf","simple","factive","goal","<L",NA,NA,NA,NA,NA,NA,NA,NA,"prophetic","Hebrew","CBH","Isaiah_MT","prepositional"
1899954,"<LH[","1Qisaa","Isaiah","1_Isaiah",14,8,"J<LH","GM BRWCJM FMXW LK >RZJ H LBNWN M >Z CKBTH W LW> J<LH H KWRT <LJNW","00 000000 0000 00 0000 0 00000 0 00 00000 0 000 0000 0 0000 00000","qal","impf","LW> J<LH H KWRT <LJNW","H KWRT","<LJNW","<L","to us",0,"prep","person","anim","det","prsf","simple","factive","goal","<L",NA,NA,NA,NA,NA,NA,"GM BRWCJM FMXW LK >RZJ H LBNWN M >Z CKBTH W LW> J<LH H KWRT <LJNW",NA,"prophetic","Hebrew","CBH","Isaiah_1Qisaa","prepositional"
217049,"JRD[","MT","Isaiah","1_Isaiah",14,15,"TWRD",">K >L C>WL TWRD >L JRKTJ BWR",NA,"hof","impf",">K >L C>WL TWRD >L JRKTJ BWR",NA,">K >L C>WL >L JRKTJ BWR",">K >L C>WL/ >L JRKH/ BWR/","but to the Sheol, to the extremities of the pit",0,"prep","toponym","inanim","det","nmpr","complex","factive","goal",">L",">L",NA,NA,NA,NA,NA,NA,NA,"prophetic","Hebrew","CBH","Isaiah_MT","prepositional"
1900054,"JRD[","1Qisaa","Isaiah","1_Isaiah",14,15,"TWRD",">K >L C>WL TWRD >L JRKTJ BWR","00 00 0000 0000 00 00000 000","hofal","impf",">K >L C>WL TWRD >L JRKTJ BWR",NA,">K >L C>WL TWRD >L JRKTJ BWR",">K >L C>WL/ >L JRKH/ BWR/","but to the Sheol, to the extremities of the pit",0,"prep","toponym","inanim","det","nmpr","complex","factive","goal",">L",">L",NA,NA,NA,NA,NA,">K >L C>WL TWRD >L JRKTJ BWR",NA,"prophetic","Hebrew","CBH","Isaiah_1Qisaa","prepositional"
217340,"<LH[","MT","Isaiah","1_Isaiah",15,2,"<LH","<LH H BJT W DJBN H BMWT L BKJ <L NBW W <L MJDB> MW>B JJLJL B KL R>CJW QRXH KL ZQN GRW<H",NA,"qal","perf","<LH H BJT",NA,"H BJT","H BJT/","into the house",0,"vc","place","inanim","det","subs","simple","factive","goal",NA,NA,NA,NA,NA,NA,NA,NA,NA,"prophetic","Hebrew","CBH","Isaiah_MT","non-prepositional"
1900363,"<LH[","1Qisaa","Isaiah","1_Isaiah",15,2,"<LH","<LH H BJT W DJBWN H B>MWT L BKJ <L NBW W <L MJDBH MW>B JLJL B KWL R>WCW QRXH W KL ZQN GRW<H","000 0 000 0 00000 0 00000 0 000 00 000 0 00 00000 0000 0000 0 000 00000 0000 0 00 000 00000","qal","perf","<LH H BJT",NA,"H BJT","H BJT/","into the house",0,"vc","place","inanim","det","subs","simple","factive","goal",NA,NA,NA,NA,NA,NA,NA,"<LH H BJT W DJBWN H B>MWT L BKJ <L NBW W <L MJDBH MW>B JLJL B KWL R>WCW QRXH W KL ZQN GRW<H",NA,"prophetic","Hebrew","CBH","Isaiah_1Qisaa","non-prepositional"
217409,"<LH[","MT","Isaiah","1_Isaiah",15,5,"J<LH","LBJ L MW>B JZ<Q BRJXH <D Y<R <GLT CLCJH KJ M<LH H LWXJT B BKJ J<LH BW KJ DRK XWRNJM Z<QT CBR J<<RW",NA,"qal","impf","B BKJ J<LH BW",NA,"BW","B","in/on it/him",0,"prep","place","inanim","det","prsf","simple","factive","goal","B",NA,NA,NA,NA,NA,NA,NA,NA,"prophetic","Hebrew","CBH","Isaiah_MT","prepositional"
1900437,"<LH[","1Qisaa","Isaiah","1_Isaiah",15,5,"J<LH","LBJ L MW>B JZ<Q BRXWH <D Y<WR <GLT CLJCJH KJ M<LH H LWXWT B BKJ J<LH BW KJ DRK XWRWNJM Z<QT CBRJ <RW","000 0 0000 0000 00000 00 0000 0000 000000 00 0000 0 00000 0 000 0000 00 00 000 0000000 0000 0000 000","qal","impf","B BKJ J<LH BW",NA,"BW","B","in/on it/him",0,"prep","place","inanim","det","prsf","simple","factive","goal","B",NA,NA,NA,NA,NA,NA,"LBJ L MW>B JZ<Q BRXWH <D Y<WR <GLT CLJCJH KJ M<LH H LWXWT B BKJ J<LH BW KJ DRK XWRWNJM Z<QT CBRJ <RW",NA,"prophetic","Hebrew","CBH","Isaiah_1Qisaa","prepositional"
1919468,"<LH[","1Q8","Isaiah","1_Isaiah",15,5,"J<LH","LBJ L MW>B JZ<Q BRJXH <D Y<R <GLT CLCJH KJ M<LH H LXJT B BKJ J<LH BW KJ DRK XWRNJM Z<QT CBR J<<RW","000 1 1111 1111 11111 11 111 1111 11111 11 1110 0 0000 0 000 0000 00 00 111 111111 1111 111 11111","qal","impf","B BKJ J<LH BW",NA,"BW","B","in/on it/him",0,"prep","place","inanim","det","prsf","simple","factive","goal","B",NA,NA,NA,NA,NA,NA,"LBJ [L MW>B JZ<Q BRJXH <D Y<R <GLT CLCJH KJ M<L]H H LXJT B BKJ J<LH BW KJ [DRK XWRNJM Z<QT CBR J<<RW]",NA,"prophetic","Hebrew","CBH","Isaiah_1Q8","prepositional"
217671,"BW>[","MT","Isaiah","1_Isaiah",16,12,"B>","W HJH KJ NR>H KJ NL>H MW>B <L H BMH W B> >L MQDCW L HTPLL W L> JWKL",NA,"qal","perf","W B> >L MQDCW",NA,">L MQDCW",">L MQDC/","to his sanctuary",0,"prep","place","inanim","det","subs","complex","factive","goal",">L",NA,NA,NA,NA,NA,NA,NA,NA,"prophetic","Hebrew","CBH","Isaiah_MT","prepositional"
1900688,"BW>[","1Qisaa","Isaiah","1_Isaiah",16,12,"B>","JHJH KJ NR>H KJ B> MW>B <L H BMH W B> >L MQDCJW L HTPLL W LW> JWKL","0000 00 0000 00 00 0000 00 0 000 0 00 00 000000 0 00000 0 000 0100","qal","perf","KJ B> MW>B <L H BMH","MW>B","<L H BMH","<L H BMH/","on the high place",0,"prep","place","inanim","det","subs","simple","factive","goal","<L",NA,NA,NA,NA,NA,NA,"JHJH KJ NR>H KJ B> MW>B <L H BMH W B> >L MQDCJW L HTPLL W LW> J[W]KL",NA,"prophetic","Hebrew","CBH","Isaiah_1Qisaa","prepositional"
1900694,"BW>[","1Qisaa","Isaiah","1_Isaiah",16,12,"B>","JHJH KJ NR>H KJ B> MW>B <L H BMH W B> >L MQDCJW L HTPLL W LW> JWKL","0000 00 0000 00 00 0000 00 0 000 0 00 00 000000 0 00000 0 000 0100","qal","perf","W B> >L MQDCJW",NA,">L MQDCJW",">L MQDC/","to his sanctuary",0,"prep","place","inanim","det","subs","complex","factive","goal",">L",NA,NA,NA,NA,NA,NA,"JHJH KJ NR>H KJ B> MW>B <L H BMH W B> >L MQDCJW L HTPLL W LW> J[W]KL",NA,"prophetic","Hebrew","CBH","Isaiah_1Qisaa","prepositional"
218147,"BW>[","MT","Isaiah","1_Isaiah",19,1,"B>","MF> MYRJM HNH JHWH RKB <L <B QL W B> MYRJM W N<W >LJLJ MYRJM M PNJW W LBB MYRJM JMS B QRBW",NA,"qal","perf","W B> MYRJM",NA,"MYRJM","MYRJM/","to Egypt",0,"vc","toponym","inanim","det","nmpr","simple","factive","goal",NA,NA,NA,NA,NA,NA,NA,NA,NA,"prophetic","Hebrew","CBH","Isaiah_MT","non-prepositional"
1901188,"BW>[","1Qisaa","Isaiah","1_Isaiah",19,1,"B>","MF> MYRJM HNH JHWH RWKB <L <B QL W B> MYRJM W N<W >LJLJ MYRJM M PNJW W LBB MYRJM JMS B QRBW","000 00000 000 0000 0000 00 00 00 0 00 00000 0 000 00000 00000 0 0000 0 000 00000 000 0 0000","qal","ptca","W B> MYRJM",NA,"MYRJM","MYRJM/","to Egypt",0,"vc","toponym","inanim","det","nmpr","simple","factive","goal",NA,NA,NA,NA,NA,NA,NA,"MF> MYRJM HNH JHWH RWKB <L <B QL W B> MYRJM W N<W >LJLJ MYRJM M PNJW W LBB MYRJM JMS B QRBW",NA,"prophetic","Hebrew","CBH","Isaiah_1Qisaa","non-prepositional"
218549,"BW>[","MT","Isaiah","1_Isaiah",19,23,"B>","B JWM H HW> THJH MSLH M MYRJM >CWRH W B> >CWR B MYRJM W MYRJM B >CWR W <BDW MYRJM >T >CWR",NA,"qal","perf","W B> >CWR B MYRJM",">CWR","B MYRJM","B MYRJM/","in Egypt",0,"prep","toponym","inanim","det","nmpr","simple","factive","goal","B",NA,NA,NA,NA,NA,NA,NA,NA,"prophetic","Hebrew","CBH","Isaiah_MT","prepositional"
1901610,"BW>[","1Qisaa","Isaiah","1_Isaiah",19,23,"B>","B JWM H HW> THJH MSLH M MYRJM >CWRH W B> >CWR B MYRJM W MYRJM B >CWR W <BDW >T >CWR","0 000 0 000 0000 0000 0 00000 00000 0 00 0000 0 00000 0 00000 0 0000 0 0000 00 0000","qal","perf","W B> >CWR B MYRJM",">CWR","B MYRJM","B MYRJM/","in Egypt",0,"prep","toponym","inanim","det","nmpr","simple","factive","goal","B",NA,NA,NA,NA,NA,NA,"B JWM H HW> THJH MSLH M MYRJM >CWRH W B> >CWR B MYRJM W MYRJM B >CWR W <BDW >T >CWR",NA,"prophetic","Hebrew","CBH","Isaiah_1Qisaa","prepositional"
218598,"BW>[","MT","Isaiah","1_Isaiah",20,1,"B>","B CNT B> TRTN >CDWDH B CLX >TW SRGWN MLK >CWR W JLXM B >CDWD W JLKDH",NA,"qal","infc","B> TRTN >CDWDH","TRTN",">CDWDH",">CDWD/","to Ashdod",1,"dir-he","toponym","inanim","det","nmpr","simple","factive","goal",NA,NA,NA,NA,NA,NA,NA,NA,NA,"prophetic","Hebrew","CBH","Isaiah_MT","non-prepositional"
1901660,"BW>[","1Qisaa","Isaiah","1_Isaiah",20,1,"B>","B CNT B> TWRTN >CDWDH B CLX >WTW SRGWN MLK >CWR W JLXM B >CDWD W JLKWDH","0 000 00 00000 000000 0 000 0000 00000 000 0000 0 0000 0 00000 0 000000","qal","infc","B> TWRTN >CDWDH","TWRTN",">CDWDH",">CDWD/","to Ashdod",1,"dir-he","toponym","inanim","det","nmpr","simple","factive","goal",NA,NA,NA,NA,NA,NA,NA,"B CNT B> TWRTN >CDWDH B CLX >WTW SRGWN MLK >CWR W JLXM B >CDWD W JLKWDH",NA,"prophetic","Hebrew","CBH","Isaiah_1Qisaa","non-prepositional"
218991,"<LH[","MT","Isaiah","1_Isaiah",22,1,"<LJT","MF> GJ> XZJWN MH LK >PW> KJ <LJT KLK L GGWT",NA,"qal","perf","KJ <LJT KLK L GGWT","KLK","L GGWT","L H GG/","to the rooftops",0,"prep","place","inanim","det","subs","simple","factive","goal","L",NA,NA,NA,NA,NA,NA,NA,NA,"prophetic","Hebrew","CBH","Isaiah_MT","prepositional"
1902075,"<LH[","1Qisaa","Isaiah","1_Isaiah",22,1,"<LJTJ","MF> GJ XZWWN M LKJ >PW> KJ <LJTJ KWLK L GGWT","000 00 00000 0 000 0000 00 00000 0000 0 0000","qal","perf","KJ <LJTJ KWLK L GGWT","KWLK","L GGWT","L H GG/","to the rooftops",0,"prep","place","inanim","det","subs","simple","factive","goal","L",NA,NA,NA,NA,NA,NA,"MF> GJ XZWWN M LKJ >PW> KJ <LJTJ KWLK L GGWT",NA,"prophetic","Hebrew","CBH","Isaiah_1Qisaa","prepositional"
219224,"BW>[","MT","Isaiah","1_Isaiah",22,15,"B>","KH >MR >DNJ JHWH YB>WT LK B> >L H SKN H ZH <L CBN> >CR <L H BJT",NA,"qal","impv","B> >L H SKN H ZH <L CBN>",NA,">L H SKN H ZH <L CBN>",">L H SKN[ H ZH <L CBN>/","to this steward, to Shebna",0,"prep","person","anim","det","subs","complex","factive","goal",">L","<L",NA,NA,NA,NA,NA,NA,NA,"prophetic","Hebrew","CBH","Isaiah_MT","prepositional"
1902319,"BW>[","1Qisaa","Isaiah","1_Isaiah",22,15,"BW>","KH >MR >DWNJ JHWH YB>WT LK BW> >L H SWKN H ZH >L CBN> >CR <L H BJT","00 000 00000 0000 00000 00 000 00 0 0000 0 00 00 0000 000 00 0 000","qal","impv","BW> >L H SWKN H ZH >L CBN",NA,">L H SWKN H ZH >L CBN",">L H SKN[ H ZH <L CBN>/","to this steward, to Shebna",0,"prep","person","anim","det","subs","complex","factive","goal",">L","<L",NA,NA,NA,NA,NA,"KH >MR >DWNJ JHWH YB>WT LK BW> >L H SWKN H ZH >L CBN> >CR <L H BJT",NA,"prophetic","Hebrew","CBH","Isaiah_1Qisaa","prepositional"
219482,"<BR[","MT","Isaiah","1_Isaiah",23,6,"<BRW","<BRW TRCJCH HJLJLW JCBJ >J",NA,"qal","impv","<BRW TRCJCH",NA,"TRCJCH","TRCJC=/","to Tarshish",1,"dir-he","toponym","inanim","det","nmpr","simple","factive","goal",NA,NA,NA,NA,NA,NA,NA,NA,NA,"prophetic","Hebrew","CBH","Isaiah_MT","non-prepositional"
1902589,"<BR[","1Qisaa","Isaiah","1_Isaiah",23,6,"<WBRJ","<WBRJ TLRCJCH HJLJLW JWCBJ >J","00000 0000000 000000 00000 00","qal","impv","<WBRJ TLRCJCH",NA,"TLRCJCH","TRCJC=/","to Tarshish",1,"dir-he","toponym","inanim","det","nmpr","simple","factive","goal",NA,NA,NA,NA,NA,NA,NA,"<WBRJ TLRCJCH HJLJLW JWCBJ >J",NA,"prophetic","Hebrew","CBH","Isaiah_1Qisaa","non-prepositional"
219527,"<BR[","MT","Isaiah","1_Isaiah",23,10,"<BRJ","<BRJ >RYK K J>R BT TRCJC >JN MZX <WD",NA,"qal","impv","<BRJ >RYK K J>R",NA,">RYK",">RY/","to your land",0,"vc","place","inanim","det","subs","complex","factive","goal",NA,NA,NA,NA,NA,NA,NA,NA,NA,"prophetic","Hebrew","CBH","Isaiah_MT","non-prepositional"
219646,"CWB[","MT","Isaiah","1_Isaiah",23,17,"CBH","W HJH M QY CB<JM CNH JPQD JHWH >T YR W CBH L >TNNH W ZNTH >T KL MMLKWT H >RY <L PNJ H >DMH",NA,"qal","perf","W CBH L >TNNH",NA,"L >TNNH","L >TNN/","to her wages",0,"prep","occupation","inanim","det","subs","complex","factive","goal","L",NA,NA,NA,NA,NA,NA,NA,NA,"prophetic","Hebrew","CBH","Isaiah_MT","prepositional"
1902749,"CWB[","1Qisaa","Isaiah","1_Isaiah",23,17,"CBH","W HJH M QY CB<JN CNH JPQWD JHWH >T YR W CBH L >TNNH W ZNTH >T MMLKWT H >RY <L PNJ H >DMH","0 000 0 00 00000 000 00000 0000 00 00 0 000 0 00000 0 0000 00 000000 0 000 00 000 0 0000","qal","perf","W CBH L >TNNH",NA,"L >TNNH","L >TNN/","to her wages",0,"prep","occupation","inanim","det","subs","complex","factive","goal","L",NA,NA,NA,NA,NA,NA,"W HJH M QY CB<JN CNH JPQWD JHWH >T YR W CBH L >TNNH W ZNTH >T MMLKWT H >RY <L PNJ H >DMH",NA,"prophetic","Hebrew","CBH","Isaiah_1Qisaa","prepositional"
220526,"BW>[","MT","Isaiah","1_Isaiah",26,20,"B>","LK <MJ B> B XDRJK W SGR DLTJK B<DK XBJ K M<V RG< <D J<BWR Z<M",NA,"qal","impv","B> B XDRJK",NA,"B XDRJK","B XDR/","in your chambers",0,"prep","place","inanim","det","subs","complex","factive","goal","B",NA,NA,NA,NA,NA,NA,NA,NA,"prophetic","Hebrew","CBH","Isaiah_MT","prepositional"
1903652,"BW>[","1Qisaa","Isaiah","1_Isaiah",26,20,"B>","LK <MJ B> B XDRJK W SGR DLTJK B<DK XBW K M<V RG< <D J<BWR Z<M","00 000 00 0 00000 0 000 00000 0000 000 0 000 000 00 00000 000","qal","impv","B> B XDRJK",NA,"B XDRJK","B XDR/","in your chambers",0,"prep","place","inanim","det","subs","complex","factive","goal","B",NA,NA,NA,NA,NA,NA,"LK <MJ B> B XDRJK W SGR DLTJK B<DK XBW K M<V RG< <D J<BWR Z<M",NA,"prophetic","Hebrew","CBH","Isaiah_1Qisaa","prepositional"
220632,"PF<[","MT","Isaiah","1_Isaiah",27,4,">PF<H","XMH >JN LJ MJ JTNNJ CMJR CJT B MLXMH >PF<H BH >YJTNH JXD",NA,"qal","impf","B MLXMH >PF<H BH",NA,"BH","B","in it / in her",0,"prep","other","inanim","det","prsf","simple","factive","goal","B",NA,NA,NA,NA,NA,NA,NA,NA,"prophetic","Hebrew","CBH","Isaiah_MT","prepositional"
1903759,"PF<[","1Qisaa","Isaiah","1_Isaiah",27,4,">PF<H","XMH >JN LJ MJ JTNNJ CJMJR W CJT B MLXMH >PF<H BH W >YJTNH JXDW","000 000 00 00 00000 00000 0 000 0 00000 00000 00 0 000000 0000","qal","impf","B MLXMH >PF<H BH",NA,"BH","B","in it / in her",0,"prep","other","inanim","det","prsf","simple","factive","goal","B",NA,NA,NA,NA,NA,NA,"XMH >JN LJ MJ JTNNJ CJMJR W CJT B MLXMH >PF<H BH W >YJTNH JXDW",NA,"prophetic","Hebrew","CBH","Isaiah_1Qisaa","prepositional"
220841,"NWX[","MT","Isaiah","1_Isaiah",28,2,"HNJX","HNH XZQ W >MY L >DNJ K ZRM BRD F<R QVB K ZRM MJM KBJRJM CVPJM HNJX L >RY B JD",NA,"hif","perf","K ZRM BRD F<R QVB K ZRM MJM KBJRJM CVPJM HNJX L >RY B JD",NA,"L >RY","L H >RY/","to the land / ground",0,"prep","place","inanim","det","subs","simple","factive","goal","L",NA,NA,NA,NA,NA,NA,NA,NA,"prophetic","Hebrew","CBH","Isaiah_MT","prepositional"
1903982,"NWX[","1Qisaa","Isaiah","1_Isaiah",28,2,"HNJX","HNH B XZQ W >MY L JHWH K ZRM BRD F<R QVB K ZRM MJM KBRJM CWVPJM W HNJX L >RY B JD","000 0 000 0 000 0 0000 0 000 000 000 000 0 000 000 00000 000000 0 0000 0 000 0 00","hifil","perf","K ZRM BRD F<R QVB K ZRM MJM KBRJM CWVPJM W HNJX L >RY B JD",NA,"L >RY","L H >RY/","to the land / ground",0,"prep","place","inanim","det","subs","simple","factive","goal","L",NA,NA,NA,NA,NA,NA,"HNH B XZQ W >MY L JHWH K ZRM BRD F<R QVB K ZRM MJM KBRJM CWVPJM W HNJX L >RY B JD",NA,"prophetic","Hebrew","CBH","Isaiah_1Qisaa","prepositional"
221822,"JRD[","MT","Isaiah","1_Isaiah",30,2,"RDT","H HLKJM L RDT MYRJM W PJ L> C>LW L <WZ B M<WZ PR<H W L XSWT B YL MYRJM",NA,"qal","infc","L RDT MYRJM",NA,"MYRJM","MYRJM/","to Egypt",0,"vc","toponym","inanim","det","nmpr","simple","factive","goal",NA,NA,NA,NA,NA,NA,NA,NA,NA,"prophetic","Hebrew","CBH","Isaiah_MT","non-prepositional"
1905005,"JRD[","1Qisaa","Isaiah","1_Isaiah",30,2,"RDT","H HWLKJM L RDT MYRJM W PJ LW> C>LW L <WZ B M<WZ PR<WH W L XSWT B YL MYRJM","0 000000 0 000 00000 0 00 000 0000 0 000 0 0000 00000 0 0 0000 0 00 00000","qal","infc","L RDT MYRJM",NA,"MYRJM","MYRJM/","to Egypt",0,"vc","toponym","inanim","det","nmpr","simple","factive","goal",NA,NA,NA,NA,NA,NA,NA,"H HWLKJM L RDT MYRJM W PJ LW> C>LW L <WZ B M<WZ PR<WH W L XSWT B YL MYRJM",NA,"prophetic","Hebrew","CBH","Isaiah_1Qisaa","non-prepositional"
222375,"BW>[","MT","Isaiah","1_Isaiah",30,29,"BW>","H CJR JHJH LKM K LJL HTQDC XG W FMXT LBB K HWLK B XLJL L BW> B HR JHWH >L YWR JFR>L",NA,"qal","infc","L BW> B HR JHWH >L YWR JFR>L",NA,">L YWR JFR>L",">L YWR/ JFR>L/","the rock of Israel",0,"prep","place","inanim","det","subs","complex","factive","goal",">L",NA,NA,NA,NA,NA,NA,NA,NA,"prophetic","Hebrew","CBH","Isaiah_MT","prepositional"
1905586,"BW>[","1Qisaa","Isaiah","1_Isaiah",30,29,"BW>","H CJR W HJH LKMH K LJL HTQDJCW XG W FMXT LBB K HWLK B XLJL L BW> B HR JHWH >L YWR JFR>L","0 000 0 000 0000 0 000 0000000 00 0 0000 000 0 0000 0 0000 0 000 0 00 0000 00 000 00000","qal","infc","L BW> B HR JHWH >L YWR JFR>L",NA,">L YWR JFR>L",">L YWR/ JFR>L/","the rock of Israel",0,"prep","place","inanim","det","subs","complex","factive","goal",">L",NA,NA,NA,NA,NA,NA,"H CJR W HJH LKMH K LJL HTQDJCW XG W FMXT LBB K HWLK B XLJL L BW> B HR JHWH >L YWR JFR>L",NA,"prophetic","Hebrew","CBH","Isaiah_1Qisaa","prepositional"
222463,"JRD[","MT","Isaiah","1_Isaiah",31,1,"JRDJM","HWJ H JRDJM MYRJM L <ZRH <L SWSJM JC<NW W JBVXW <L RKB KJ RB W <L PRCJM KJ <YMW M>D W L> C<W <L QDWC JFR>L W >T JHWH L> DRCW",NA,"qal","ptca","H JRDJM MYRJM L <ZRH",NA,"MYRJM","MYRJM/","to Egypt",0,"vc","toponym","inanim","det","nmpr","simple","factive","goal",NA,NA,NA,NA,NA,NA,NA,NA,NA,"prophetic","Hebrew","CBH","Isaiah_MT","non-prepositional"
1905679,"JRD[","1Qisaa","Isaiah","1_Isaiah",31,1,"JWRDJM","HWJ H JWRDJM L MYRJM L <ZRH <L SWSJM JC<NW W JBVXW <L H RKB KJ RB W <L PRCJM KJ <YMW M>DH W LW> C<W >L QDWC JFR>L W >T JHWH LW> DRCW","000 0 000000 0 00000 0 0000 00 00000 00000 0 00000 00 0 000 00 00 0 00 00000 00 0000 0000 0 000 000 00 0000 00000 0 00 0000 000 0000","qal","ptca","H JWRDJM L MYRJM L <ZRH",NA,"MYRJM","MYRJM/","to Egypt",0,"vc","toponym","inanim","det","nmpr","simple","factive","goal",NA,NA,NA,NA,NA,NA,NA,"HWJ H JWRDJM L MYRJM L <ZRH <L SWSJM JC<NW W JBVXW <L H RKB KJ RB W <L PRCJM KJ <YMW M>DH W LW> C<W >L QDWC JFR>L W >T JHWH LW> DRCW",NA,"prophetic","Hebrew","CBH","Isaiah_1Qisaa","non-prepositional"
222995,"CQQ[","MT","Isaiah","1_Isaiah",33,4,"CWQQ","W >SP CLLKM >SP H XSJL K MCQ GBJM CWQQ BW",NA,"qal","ptca","K MCQ GBJM CWQQ BW",NA,"BW","B","in/on it/him",0,"prep","object","inanim","det","prsf","simple","factive","goal","B",NA,NA,NA,NA,NA,NA,NA,NA,"prophetic","Hebrew","CBH","Isaiah_MT","prepositional"
1906247,"CQQ[","1Qisaa","Isaiah","1_Isaiah",33,4,"CQQ","W >SP CLLKM >SP H XSJL MCQ GBJM CQQ BW","0 000 00000 000 0 0000 000 0000 000 00","qal","ptca","MCQ GBJM CQQ BW",NA,"BW","B","in/on it/him",0,"prep","object","inanim","det","prsf","simple","factive","goal","B",NA,NA,NA,NA,NA,NA,"W >SP CLLKM >SP H XSJL MCQ GBJM CQQ BW",NA,"prophetic","Hebrew","CBH","Isaiah_1Qisaa","prepositional"
223214,"HLK[","MT","Isaiah","1_Isaiah",33,21,"TLK","KJ >M CM >DJR JHWH LNW MQWM NHRJM J>RJM RXBJ JDJM BL TLK BW >NJ CJV W YJ >DJR L> J<BRNW",NA,"qal","impf","BL TLK BW >NJ CJV",">NJ CJV","BW","B","in/on it/him",0,"prep","place","inanim","det","prsf","simple","factive","goal","B",NA,NA,NA,NA,NA,NA,NA,NA,"prophetic","Hebrew","CBH","Isaiah_MT","prepositional"
1906478,"HLK[","1Qisaa","Isaiah","1_Isaiah",33,21,"TLB","KJ >M CM >DJR JHWH LNW MQWM NHRWT J>RJM RXBJ JDJM BL TLB BW >NJ CV W YJ >DJR LW> J<BRNW","00 00 00 0000 0000 000 0000 00000 00000 0000 0000 00 000 00 000 00 0 00 0000 000 000000","qal","impf","BL TLB BW >NJ CV",">NJ CV","BW","B","in/on it/him",0,"prep","place","inanim","det","prsf","simple","factive","goal","B",NA,NA,NA,NA,NA,NA,"KJ >M CM >DJR JHWH LNW MQWM NHRWT J>RJM RXBJ JDJM BL TLB BW >NJ CV W YJ >DJR LW> J<BRNW",NA,"prophetic","Hebrew","CBH","Isaiah_1Qisaa","prepositional"
223722,"BW>[","MT","Isaiah","1_Isaiah",35,10,"B>W","W PDWJJ JHWH JCBWN W B>W YJWN B RNH W FMXT <WLM <L R>CM FFWN W FMXH JFJGW W NSW JGWN W >NXH",NA,"qal","perf","W B>W YJWN B RNH",NA,"YJWN","YJWN==/","to Zion",0,"vc","toponym","inanim","det","nmpr","simple","factive","goal",NA,NA,NA,NA,NA,NA,NA,NA,NA,"prophetic","Hebrew","CBH","Isaiah_MT","non-prepositional"
1907027,"BW>[","1Qisaa","Isaiah","1_Isaiah",35,10,"B>W","W PDWJJ JHWH JCWBW W B>W YJWN B RWNH W FMXT <WLM <L R>WCM FFWN W FMXH JFJGW BH W NS JGWN W >NXH","0 00000 0000 00000 0 000 0000 0 0000 0 0000 0000 00 00000 0000 0 0000 00000 00 0 00 0000 0 0000","qal","perf","W B>W YJWN B RWNH",NA,"YJWN","YJWN==/","to Zion",0,"vc","toponym","inanim","det","nmpr","simple","factive","goal",NA,NA,NA,NA,NA,NA,NA,"W PDWJJ JHWH JCWBW W B>W YJWN B RWNH W FMXT <WLM <L R>WCM FFWN W FMXH JFJGW BH W NS JGWN W >NXH",NA,"prophetic","Hebrew","CBH","Isaiah_1Qisaa","non-prepositional"
223750,"<LH[","MT","Isaiah","1_Isaiah",36,1,"<LH","W JHJ B >RB< <FRH CNH L MLK XZQJHW <LH SNXRJB MLK >CWR <L KL <RJ JHWDH H BYRWT W JTPFM",NA,"qal","perf","<LH SNXRJB MLK >CWR <L KL <RJ JHWDH H BYRWT","SNXRJB MLK >CWR","<L KL <RJ JHWDH H BYRWT","<L KL/ <JR/ JHWDH/ H BYWR/","against all the fortified cities of Judah",0,"prep","place","inanim","det","subs","complex","factive","goal","<L",NA,NA,NA,NA,NA,NA,NA,NA,"prose","Hebrew","CBH","Isaiah_MT","prepositional"
1907056,"<LH[","1Qisaa","Isaiah","1_Isaiah",36,1,"<LH","W JHJ B >RB< <FRH CNH L MLK XZQJH <LH SNXRJB MLK >CWR <L KWL <RJ JHWDH H BYWRWT W JTPWFM","0 000 0 0000 0000 000 0 000 00000 000 000000 000 0000 00 000 000 00000 0 000000 0 000000","qal","perf","<LH SNXRJB MLK >CWR <L KWL <RJ JHWDH H BYWRWT","SNXRJB MLK >CWR","<L KWL <RJ JHWDH H BYWRWT","<L KL/ <JR/ JHWDH/ H BYWR/","against all the fortified cities of Judah",0,"prep","place","inanim","det","subs","complex","factive","goal","<L",NA,NA,NA,NA,NA,NA,"W JHJ B >RB< <FRH CNH L MLK XZQJH <LH SNXRJB MLK >CWR <L KWL <RJ JHWDH H BYWRWT W JTPWFM",NA,"prose","Hebrew","CBH","Isaiah_1Qisaa","prepositional"
223791,"JY>[","MT","Isaiah","1_Isaiah",36,3,"JY>","W JY> >LJW >LJQJM BN XLQJHW >CR <L H BJT W CBN> H SPR W JW>X BN >SP H MZKJR",NA,"qal","wayq","W JY> >LJW >LJQJM BN XLQJHW W CBN> H SPR W JW>X BN >SP H MZKJR",">LJQJM BN XLQJHW W CBN> H SPR W JW>X BN >SP H MZKJR",">LJW",">L","to him / it",0,"prep","person","anim","det","prsf","simple","factive","goal",">L",NA,NA,NA,NA,NA,NA,NA,NA,"prose","Hebrew","CBH","Isaiah_MT","prepositional"
1907101,"JY>[","1Qisaa","Isaiah","1_Isaiah",36,3,"JY>","W JY> >LJW >LJQJM BN XLQJH >CR <L H BJT W CWBN> H SWPR W JW>X BN >SP H MZKJR","0 000 0000 000000 00 00000 000 00 0 000 0 00000 0 0000 0 0000 00 000 0 00000","qal","wayy","W JY> >LJW >LJQJM BN XLQJH >CR <L H BJT W CWBN> H SWPR W JW>X BN >SP H MZKJR",">LJQJM BN XLQJH >CR <L H BJT W CWBN> H SWPR W JW>X BN >SP H MZKJR",">LJW",">L","to him / it",0,"prep","person","anim","det","prsf","simple","factive","goal",">L",NA,NA,NA,NA,NA,NA,"W JY> >LJW >LJQJM BN XLQJH >CR <L H BJT W CWBN> H SWPR W JW>X BN >SP H MZKJR",NA,"prose","Hebrew","CBH","Isaiah_1Qisaa","prepositional"
223867,"BW>[","MT","Isaiah","1_Isaiah",36,6,"B>","HNH BVXT <L MC<NT H QNH H RYWY H ZH <L MYRJM >CR JSMK >JC <LJW W B> B KPW W NQBH KN PR<H MLK MYRJM L KL H BVXJM <LJW",NA,"qal","perf","W B> B KPW",NA,"B KPW","B KP/","in his hand",0,"prep","body part","inanim","det","subs","complex","factive","goal","B",NA,NA,NA,NA,NA,NA,NA,NA,"prose","Hebrew","CBH","Isaiah_MT","prepositional"
1907184,"BW>[","1Qisaa","Isaiah","1_Isaiah",36,6,"B>","HNH BVXTH <L MC<NT H QNH H RYWY H ZH <L MYRJM >CR JSMK >JC <LJW W B> B KPW W NQBH KN PR<WH MLK MYRJM L KWL H BWVXJM <LJW","000 00000 00 00000 0 000 0 0000 0 00 00 00000 000 0000 000 0000 0 00 0 000 0 0000 00 00000 000 00000 0 000 0 000000 0000","qal","perf","W B> B KPW",NA,"B KPW","B KP/","in his hand",0,"prep","body part","inanim","det","subs","complex","factive","goal","B",NA,NA,NA,NA,NA,NA,"HNH BVXTH <L MC<NT H QNH H RYWY H ZH <L MYRJM >CR JSMK >JC <LJW W B> B KPW W NQBH KN PR<WH MLK MYRJM L KWL H BWVXJM <LJW",NA,"prose","Hebrew","CBH","Isaiah_1Qisaa","prepositional"
223962,"<LH[","MT","Isaiah","1_Isaiah",36,10,"<LJTJ","W <TH H M BL<DJ JHWH <LJTJ <L H >RY H Z>T L HCXJTH JHWH >MR >LJ <LH >L H >RY H Z>T W HCXJTH",NA,"qal","perf","H M BL<DJ JHWH <LJTJ <L H >RY H Z>T",NA,"<L H >RY H Z>T","<L H >RY/ H Z>T","to/against this land",0,"prep","place","inanim","det","subs","complex","factive","goal","<L",NA,NA,NA,NA,NA,NA,NA,NA,"prose","Hebrew","CBH","Isaiah_MT","prepositional"
223973,"<LH[","MT","Isaiah","1_Isaiah",36,10,"<LH","W <TH H M BL<DJ JHWH <LJTJ <L H >RY H Z>T L HCXJTH JHWH >MR >LJ <LH >L H >RY H Z>T W HCXJTH",NA,"qal","impv","<LH >L H >RY H Z>T",NA,">L H >RY H Z>T",">L H >RY/ H Z>T","to this land",0,"prep","place","inanim","det","subs","complex","factive","goal",">L",NA,NA,NA,NA,NA,NA,NA,NA,"prose","Hebrew","CBH","Isaiah_MT","prepositional"
1907286,"<LH[","1Qisaa","Isaiah","1_Isaiah",36,10,"<LJTJ","W <TH H M BL<DJ JHWH <LJTJ <L H >RY H ZW>T L HCXJTH JHWH >MR >LJ <LH >L H >RY H ZWT L HCXJTH","0 000 0 0 00000 0000 00000 00 0 000 0 0000 0 000000 0000 000 000 000 00 0 000 0 000 0 000000","qal","perf","H M BL<DJ JHWH <LJTJ <L H >RY H ZW>T",NA,"<L H >RY H ZW>T","<L H >RY/ H Z>T","to/against this land",0,"prep","place","inanim","det","subs","complex","factive","goal","<L",NA,NA,NA,NA,NA,NA,"W <TH H M BL<DJ JHWH <LJTJ <L H >RY H ZW>T L HCXJTH JHWH >MR >LJ <LH >L H >RY H ZWT L HCXJTH",NA,"prose","Hebrew","CBH","Isaiah_1Qisaa","prepositional"
1907297,"<LH[","1Qisaa","Isaiah","1_Isaiah",36,10,"<LH","W <TH H M BL<DJ JHWH <LJTJ <L H >RY H ZW>T L HCXJTH JHWH >MR >LJ <LH >L H >RY H ZWT L HCXJTH","0 000 0 0 00000 0000 00000 00 0 000 0 0000 0 000000 0000 000 000 000 00 0 000 0 000 0 000000","qal","impv","<LH >L H >RY H ZWT",NA,">L H >RY H ZWT",">L H >RY/ H Z>T","against this land",0,"prep","place","inanim","det","subs","complex","factive","goal",">L",NA,NA,NA,NA,NA,NA,"W <TH H M BL<DJ JHWH <LJTJ <L H >RY H ZW>T L HCXJTH JHWH >MR >LJ <LH >L H >RY H ZWT L HCXJTH",NA,"prose","Hebrew","CBH","Isaiah_1Qisaa","prepositional"
224119,"JY>[","MT","Isaiah","1_Isaiah",36,16,"Y>W",">L TCM<W >L XZQJHW KJ KH >MR H MLK >CWR <FW >TJ BRKH W Y>W >LJ W >KLW >JC GPNW W >JC T>NTW W CTW >JC MJ BWRW",NA,"qal","impv","W Y>W >LJ",NA,">LJ",">L","to me",0,"prep","person","anim","det","prsf","simple","factive","goal",">L",NA,NA,NA,NA,NA,NA,NA,NA,"prose","Hebrew","CBH","Isaiah_MT","prepositional"
1907455,"JY>[","1Qisaa","Isaiah","1_Isaiah",36,16,"Y>W",">L TCM<W >L XWZQJH KJ> KWH >MR MLK >CWR <FW >TJ BRKH W Y>W >LJ W >KWLW >JC >T GPNW W >JC >T TNTW W CTW >JC MJ BWRW","00 00000 00 000000 000 000 000 000 0000 000 000 0000 0 000 000 0 00000 000 00 0000 0 000 00 0000 0 000 000 00 0000","qal","impv","W Y>W >LJ",NA,">LJ",">L","to me",0,"prep","person","anim","det","prsf","simple","factive","goal",">L",NA,NA,NA,NA,NA,NA,">L TCM<W >L XWZQJH KJ> KWH >MR MLK >CWR <FW >TJ BRKH W Y>W >LJ W >KWLW >JC >T GPNW W >JC >T TNTW W CTW >JC MJ BWRW",NA,"prose","Hebrew","CBH","Isaiah_1Qisaa","prepositional"
224223,"BW>[","MT","Isaiah","1_Isaiah",36,22,"JB>","W JB> >LJQJM BN XLQJHW >CR <L H BJT W CBN> H SWPR W JW>X BN >SP H MZKJR >L XZQJHW QRW<J BGDJM W JGJDW LW >T DBRJ RB CQH",NA,"qal","wayq","W JB> >LJQJM BN XLQJHW W CBN> H SWPR W JW>X BN >SP H MZKJR >L XZQJHW QRW<J BGDJM",">LJQJM BN XLQJHW W CBN> H SWPR W JW>X BN >SP H MZKJR",">L XZQJHW",">L XZQJHW/","To Hezekiah",0,"prep","person","anim","det","nmpr","simple","factive","goal",">L",NA,NA,NA,NA,NA,NA,NA,NA,"prose","Hebrew","CBH","Isaiah_MT","prepositional"
1907568,"BW>[","1Qisaa","Isaiah","1_Isaiah",36,22,"JBW>","W JBW> >LJQJM BN XLQJH >CR <L H BJT W CWBN> H SWPR W JW>X BN >SP H MZKJR >L XWZQJH QRW<J BGDJM W JGJDW LW> >T DBRJ RB CQH","0 0000 000000 00 00000 000 00 0 000 0 00000 0 0000 0 0000 00 000 0 00000 00 000000 00000 00000 0 00000 000 00 0000 00 000","qal","wayy","W JBW> >LJQJM BN XLQJH W CWBN> H SWPR W JW>X BN >SP H MZKJR >L XWZQJH QRW<J BGDJM",">LJQJM BN XLQJH W CWBN> H SWPR W JW>X BN >SP H MZKJR",">L XWZQJH",">L XZQJHW/","to Hezekiah",0,"prep","person","anim","det","nmpr","simple","factive","goal",">L",NA,NA,NA,NA,NA,NA,"W JBW> >LJQJM BN XLQJH >CR <L H BJT W CWBN> H SWPR W JW>X BN >SP H MZKJR >L XWZQJH QRW<J BGDJM W JGJDW LW> >T DBRJ RB CQH",NA,"prose","Hebrew","CBH","Isaiah_1Qisaa","prepositional"
224268,"BW>[","MT","Isaiah","1_Isaiah",37,1,"JB>","W JHJ K CM< H MLK XZQJHW W JQR< >T BGDJW W JTKS B FQ W JB> BJT JHWH",NA,"qal","wayq","W JB> BJT JHWH",NA,"BJT JHWH","BJT/ JHWH/","to the house of YHWH",0,"vc","place","inanim","det","subs","complex","factive","goal",NA,NA,NA,NA,NA,NA,NA,NA,NA,"prose","Hebrew","CBH","Isaiah_MT","non-prepositional"
1907614,"BW>[","1Qisaa","Isaiah","1_Isaiah",37,1,"JBW>","W JHJ K CMW< XWZQJH H MLK W JQR< >T BGDJW W JTKS B FQ W JBW> BJT JHWH","0 000 0 0000 000000 0 000 0 0000 00 00000 0 0000 0 00 0 0000 000 0000","qal","wayy","W JBW> BJT JHWH",NA,"BJT JHWH","BJT/ JHWH/","to the house of YHWH",0,"vc","place","inanim","det","subs","complex","factive","goal",NA,NA,NA,NA,NA,NA,NA,"W JHJ K CMW< XWZQJH H MLK W JQR< >T BGDJW W JTKS B FQ W JBW> BJT JHWH",NA,"prose","Hebrew","CBH","Isaiah_1Qisaa","non-prepositional"
224359,"BW>[","MT","Isaiah","1_Isaiah",37,5,"JB>W","W JB>W <BDJ H MLK XZQJHW >L JC<JHW",NA,"qal","wayq","W JB>W <BDJ H MLK XZQJHW >L JC<JHW","<BDJ H MLK XZQJHW",">L JC<JHW",">L JC<JHW/","to Isaiah",0,"prep","person","anim","det","nmpr","simple","factive","goal",">L",NA,NA,NA,NA,NA,NA,NA,NA,"prose","Hebrew","CBH","Isaiah_MT","prepositional"
1907714,"BW>[","1Qisaa","Isaiah","1_Isaiah",37,5,"JBW>W","W JBW>W <BDJ H MLK JXWZQJH >L JC<JH","0 00000 0000 0 000 0000000 00 00000","qal","wayy","W JBW>W <BDJ H MLK JXWZQJH >L JC<JH","<BDJ H MLK JXWZQJH",">L JC<JH",">L JC<JHW/","to Isaiah",0,"prep","person","anim","det","nmpr","simple","factive","goal",">L",NA,NA,NA,NA,NA,NA,"W JBW>W <BDJ H MLK JXWZQJH >L JC<JH",NA,"prose","Hebrew","CBH","Isaiah_1Qisaa","prepositional"
224399,"CWB[","MT","Isaiah","1_Isaiah",37,7,"CB","HNNJ NWTN BW RWX W CM< CMW<H W CB >L >RYW W HPLTJW B XRB B >RYW",NA,"qal","perf","W CB >L >RYW",NA,">L >RYW",">L >RY/","to his land",0,"prep","place","inanim","det","subs","complex","factive","goal",">L",NA,NA,NA,NA,NA,NA,NA,NA,"prose","Hebrew","CBH","Isaiah_MT","prepositional"
1907758,"CWB[","1Qisaa","Isaiah","1_Isaiah",37,7,"CB","HNNJ NWTN RWX BW> W CM< CMW<H W CB L >RYW W HPLTJW B XRB B >RYW","0000 0000 000 000 0 000 00000 0 00 0 0000 0 000000 0 000 0 0000","qal","perf","W CB L >RYW",NA,"L >RYW","L >RY/","to his land",0,"prep","place","inanim","det","subs","complex","factive","goal","L",NA,NA,NA,NA,NA,NA,"HNNJ NWTN RWX BW> W CM< CMW<H W CB L >RYW W HPLTJW B XRB B >RYW",NA,"prose","Hebrew","CBH","Isaiah_1Qisaa","prepositional"
224537,"<LH[","MT","Isaiah","1_Isaiah",37,14,"J<L","W JQX XZQJHW >T H SPRJM M JD H ML>KJM W JQR>HW W J<L BJT JHWH W JPRFHW XZQJHW L PNJ JHWH",NA,"qal","wayq","W J<L BJT JHWH",NA,"BJT JHWH","BJT/ JHWH/","to the house of YHWH",0,"vc","place","inanim","det","subs","complex","factive","goal",NA,NA,NA,NA,NA,NA,NA,NA,NA,"prose","Hebrew","CBH","Isaiah_MT","non-prepositional"
1907908,"<LH[","1Qisaa","Isaiah","1_Isaiah",37,14,"J<LH","W JQX XWZQJH >T H SPRJM M JD H ML>KJM W JQR>M W J<LH BJT JHWH W JPRWFH XWZQJH L PNJ JHWH","0 000 000000 00 0 00000 0 00 0 000000 0 00000 0 0000 000 0000 0 000000 000000 0 000 0000","qal","wayy","W J<LH BJT JHWH",NA,"BJT JHWH","BJT/ JHWH/","to the house of YHWH",0,"vc","place","inanim","det","subs","complex","factive","goal",NA,NA,NA,NA,NA,NA,NA,"W JQX XWZQJH >T H SPRJM M JD H ML>KJM W JQR>M W J<LH BJT JHWH W JPRWFH XWZQJH L PNJ JHWH",NA,"prose","Hebrew","CBH","Isaiah_1Qisaa","non-prepositional"
224721,"<LH[","MT","Isaiah","1_Isaiah",37,24,"<LJTJ","B JD <BDJK XRPT >DNJ W T>MR B RB RKBJ >NJ <LJTJ MRWM HRJM JRKTJ LBNWN W >KRT QWMT >RZJW MBXR BRCJW W >BW> MRWM QYW J<R KRMLW",NA,"qal","perf","B RB RKBJ >NJ <LJTJ MRWM HRJM JRKTJ LBNWN",">NJ","MRWM HRJM JRKTJ LBNWN","MRWM/ HR/ JRKH/ LBNWN/","to the heights of the mountains, to the remote parts of Lebanon",0,"vc","place","inanim","det","subs","complex","factive","goal",NA,NA,NA,NA,NA,NA,NA,NA,NA,"prophetic","Hebrew","CBH","Isaiah_MT","non-prepositional"
224733,"BW>[","MT","Isaiah","1_Isaiah",37,24,">BW>","B JD <BDJK XRPT >DNJ W T>MR B RB RKBJ >NJ <LJTJ MRWM HRJM JRKTJ LBNWN W >KRT QWMT >RZJW MBXR BRCJW W >BW> MRWM QYW J<R KRMLW",NA,"qal","impf","W >BW> MRWM QYW J<R KRMLW",NA,"MRWM QYW J<R KRMLW","MRWM/ QY/ J<R/ KRML/","to its remotest heights, its garden-like forest",0,"vc","toponym","inanim","det","subs","complex","factive","goal",NA,NA,NA,NA,NA,NA,NA,NA,NA,"prophetic","Hebrew","CBH","Isaiah_MT","non-prepositional"
1908099,"<LH[","1Qisaa","Isaiah","1_Isaiah",37,24,"<LJTJ","B JD <BDJKH XRPTH >DWNJ W TWMR B RWB RKBJ >NJ <LJTJ MRWM HRJM JRKTJ LBNWN W >KRWTH QWMT >RZJW MBXR BRWCJW W >BW> MRWM QYW J<R KRMLJW","0 00 000000 00000 00000 0 0000 0 000 0000 000 00000 0000 0000 00000 00000 0 000000 0000 00000 0000 000000 0 0000 0000 000 000 000000","qal","perf","B RWB RKBJ >NJ <LJTJ MRWM HRJM JRKTJ LBNWN",">NJ","MRWM HRJM JRKTJ LBNWN","MRWM/ HR/ JRKH/ LBNWN/","to the heights of the mountains, to the remote parts of Lebanon",0,"vc","place","inanim","det","subs","complex","factive","goal",NA,NA,NA,NA,NA,NA,NA,"B JD <BDJKH XRPTH >DWNJ W TWMR B RWB RKBJ >NJ <LJTJ MRWM HRJM JRKTJ LBNWN W >KRWTH QWMT >RZJW MBXR BRWCJW W >BW> MRWM QYW J<R KRMLJW",NA,"prophetic","Hebrew","CBH","Isaiah_1Qisaa","non-prepositional"
1908111,"BW>[","1Qisaa","Isaiah","1_Isaiah",37,24,">BW>","B JD <BDJKH XRPTH >DWNJ W TWMR B RWB RKBJ >NJ <LJTJ MRWM HRJM JRKTJ LBNWN W >KRWTH QWMT >RZJW MBXR BRWCJW W >BW> MRWM QYW J<R KRMLJW","0 00 000000 00000 00000 0 0000 0 000 0000 000 00000 0000 0000 00000 00000 0 000000 0000 00000 0000 000000 0 0000 0000 000 000 000000","qal","impf","W >BW> MRWM QYW J<R KRMLJW",NA,"MRWM QYW J<R KRMLJW","MRWM/ QY/ J<R/ KRML/","to its remotest heights, its garden-like forest",0,"vc","toponym","inanim","det","subs","complex","factive","goal",NA,NA,NA,NA,NA,NA,NA,"B JD <BDJKH XRPTH >DWNJ W TWMR B RWB RKBJ >NJ <LJTJ MRWM HRJM JRKTJ LBNWN W >KRWTH QWMT >RZJW MBXR BRWCJW W >BW> MRWM QYW J<R KRMLJW",NA,"prophetic","Hebrew","CBH","Isaiah_1Qisaa","non-prepositional"
224810,"<LH[","MT","Isaiah","1_Isaiah",37,29,"<LH","J<N HTRGZK >LJ W C>NNK <LH B >ZNJ W FMTJ XXJ B >PK W MTGJ B FPTJK W HCJBTJK B DRK >CR B>T BH",NA,"qal","perf","W C>NNK <LH B >ZNJ","C>NNK","B >ZNJ","B >ZN/","in my two ears",0,"prep","body part","inanim","det","subs","complex","fictive","goal","B",NA,NA,NA,NA,NA,NA,NA,NA,"prophetic","Hebrew","CBH","Isaiah_MT","prepositional"
1908190,"<LH[","1Qisaa","Isaiah","1_Isaiah",37,29,"<LH","W C>NNKH <LH B >WZNJ W FMTJ XXJ B >PKH W MTGJ B FP>WTJKH W HCJBWTJKH B DRK >CR BTH BH","0 000000 000 0 00000 0 0000 000 0 0000 0 0000 0 00000000 0 000000000 0 000 000 000 00","qal","perf","W C>NNKH <LH B >WZNJ","C>NNKH","B >WZNJ","B >ZN/","in my two ears",0,"prep","body part","inanim","det","subs","complex","fictive","goal","B",NA,NA,NA,NA,NA,NA,"W C>NNKH <LH B >WZNJ W FMTJ XXJ B >PKH W MTGJ B FP>WTJKH W HCJBWTJKH B DRK >CR BTH BH",NA,"prophetic","Hebrew","CBH","Isaiah_1Qisaa","prepositional"
224899,"BW>[","MT","Isaiah","1_Isaiah",37,33,"JBW>","LKN KH >MR JHWH >L MLK >CWR L> JBW> >L H <JR H Z>T W L> JWRH CM XY W L> JQDMNH MGN W L> JCPK <LJH SLLH",NA,"qal","impf","L> JBW> >L H <JR H Z>T",NA,">L H <JR H Z>T",">L H <JR/ H Z>T","into this city",0,"prep","place","inanim","det","subs","complex","factive","goal",">L",NA,NA,NA,NA,NA,NA,NA,NA,"prophetic","Hebrew","CBH","Isaiah_MT","prepositional"
1908280,"BW>[","1Qisaa","Isaiah","1_Isaiah",37,33,"JBW>","L KN KWH >MR JHWH >L MLK >CWR LW> JBW> >L H <JR H Z>WT W LW> JCPWK <LJH> SWLLH W LW> JR> CM XY W LW> JQDMNH MGN","0 00 000 000 0000 00 000 0000 000 0000 00 0 000 0 0000 0 000 00000 00000 00000 0 000 000 00 00 0 000 000000 000","qal","impf","LW> JBW> >L H <JR H Z>WT",NA,">L H <JR H Z>WT",">L H <JR/ H Z>T","into this city",0,"prep","place","inanim","det","subs","complex","factive","goal",">L",NA,NA,NA,NA,NA,NA,"L KN KWH >MR JHWH >L MLK >CWR LW> JBW> >L H <JR H Z>WT W LW> JCPWK <LJH> SWLLH W LW> JR> CM XY W LW> JQDMNH MGN",NA,"prophetic","Hebrew","CBH","Isaiah_1Qisaa","prepositional"
224933,"BW>[","MT","Isaiah","1_Isaiah",37,34,"JBW>","B DRK >CR B> BH JCWB W >L H <JR H Z>T L> JBW> N>M JHWH",NA,"qal","impf","W >L H <JR H Z>T L> JBW>",NA,">L H <JR H Z>T",">L H <JR/ H Z>T","into this city",0,"prep","place","inanim","det","subs","complex","factive","goal",">L",NA,NA,NA,NA,NA,NA,NA,NA,"prophetic","Hebrew","CBH","Isaiah_MT","prepositional"
1908314,"BW>[","1Qisaa","Isaiah","1_Isaiah",37,34,"JBW>","B DRK >CR B> B>H JCWB W >L H <JR H ZW>T LW> JBW> NW>WM JHWH","0 000 000 00 000 0000 0 00 0 000 0 0000 000 0000 00000 0000","qal","impf","W >L H <JR H ZW>T LW> JBW>",NA,">L H <JR H ZW>T",">L H <JR/ H Z>T","into this city",0,"prep","place","inanim","det","subs","complex","factive","goal",">L",NA,NA,NA,NA,NA,NA,"B DRK >CR B> B>H JCWB W >L H <JR H ZW>T LW> JBW> NW>WM JHWH",NA,"prophetic","Hebrew","CBH","Isaiah_1Qisaa","prepositional"
225024,"BW>[","MT","Isaiah","1_Isaiah",38,1,"JBW>","B JMJM H HM XLH XZQJHW L MWT W JBW> >LJW JC<JHW BN >MWY H NBJ> W J>MR >LJW KH >MR JHWH YW L BJTK KJ MT >TH W L> TXJH",NA,"qal","wayq","W JBW> >LJW JC<JHW BN >MWY H NBJ>","JC<JHW BN >MWY H NBJ>",">LJW",">L","to him / it",0,"prep","person","anim","det","prsf","simple","factive","goal",">L",NA,NA,NA,NA,NA,NA,NA,NA,"prose","Hebrew","CBH","Isaiah_MT","prepositional"
1908409,"BW>[","1Qisaa","Isaiah","1_Isaiah",38,1,"JBW>","B JMJM H HMH XLH JXWZQJH L MWT W JBW> >LJW JC<JH BN >MWY H NBJ> W JW>MR >LJW KWH >MR JHWH YWJ L BJTKH KJ> MJT >TH W LW> TXJH","0 0000 0 000 000 0000000 0 000 0 0000 0000 00000 00 0000 0 0000 0 00000 0000 000 000 0000 000 0 00000 000 000 000 0 000 0000","qal","wayy","W JBW> >LJW JC<JH BN >MWY H NBJ>","JC<JH BN >MWY H NBJ>",">LJW",">L","to him / it",0,"prep","person","anim","det","prsf","simple","factive","goal",">L",NA,NA,NA,NA,NA,NA,"B JMJM H HMH XLH JXWZQJH L MWT W JBW> >LJW JC<JH BN >MWY H NBJ> W JW>MR >LJW KWH >MR JHWH YWJ L BJTKH KJ> MJT >TH W LW> TXJH",NA,"prose","Hebrew","CBH","Isaiah_1Qisaa","prepositional"
225377,"<LH[","MT","Isaiah","1_Isaiah",38,22,"><LH","W J>MR XZQJHW MH >WT KJ ><LH BJT JHWH",NA,"qal","impf","KJ ><LH BJT JHWH",NA,"BJT JHWH","BJT/ JHWH/","to the house of YHWH",0,"vc","place","inanim","det","subs","complex","factive","goal",NA,NA,NA,NA,NA,NA,NA,NA,NA,"prose","Hebrew","CBH","Isaiah_MT","non-prepositional"
1908805,"<LH[","1Qisaa","Isaiah","1_Isaiah",38,22,"><LH","W J>MR XZQJH MH >WT KJ ><LH BJT JHWH","0 0000 00000 00 000 00 0000 000 0000","qal","impf","KJ ><LH BJT JHWH",NA,"BJT JHWH","BJT/ JHWH/","to the house of YHWH",0,"vc","place","inanim","det","subs","complex","factive","goal",NA,NA,NA,NA,NA,NA,NA,"W J>MR XZQJH MH >WT KJ ><LH BJT JHWH",NA,"prose","Hebrew","CBH","Isaiah_1Qisaa","non-prepositional"
1921694,"<LH[","1Q8","Isaiah","1_Isaiah",38,22,"><LH","W J>MR XZQJHW MH >WT KJ ><LH BJT JHWH","0 0000 000000 00 111 00 0000 000 0000","qal","impf","KJ ><LH BJT JHWH",NA,"BJT JHWH","BJT/ JHWH/","to the house of YHWH",0,"vc","place","inanim","det","subs","complex","factive","goal",NA,NA,NA,NA,NA,NA,NA,"W J>MR XZQJHW MH [>WT] KJ ><LH BJT JHWH",NA,"prose","Hebrew","CBH","Isaiah_1Q8","non-prepositional"
225454,"BW>[","MT","Isaiah","1_Isaiah",39,3,"JB>","W JB> JC<JHW H NBJ> >L H MLK XZQJHW W J>MR >LJW MH >MRW H >NCJM H >LH W M >JN JB>W >LJK W J>MR XZQJHW M >RY RXWQH B>W >LJ M BBL",NA,"qal","wayq","W JB> JC<JHW H NBJ> >L H MLK XZQJHW","JC<JHW H NBJ>",">L H MLK XZQJHW",">L H MLK/ XZQJHW/","to king Hezekiah",0,"prep","person","anim","det","subs","complex","factive","goal",">L",NA,NA,NA,NA,NA,NA,NA,NA,"prose","Hebrew","CBH","Isaiah_MT","prepositional"
225474,"BW>[","MT","Isaiah","1_Isaiah",39,3,"JB>W","W JB> JC<JHW H NBJ> >L H MLK XZQJHW W J>MR >LJW MH >MRW H >NCJM H >LH W M >JN JB>W >LJK W J>MR XZQJHW M >RY RXWQH B>W >LJ M BBL",NA,"qal","impf","W M >JN JB>W >LJK",NA,">LJK",">L","to you",0,"prep","person","anim","det","prsf","simple","factive","goal",">L",NA,NA,NA,NA,NA,NA,NA,NA,"prose","Hebrew","CBH","Isaiah_MT","prepositional"
225482,"BW>[","MT","Isaiah","1_Isaiah",39,3,"B>W","W JB> JC<JHW H NBJ> >L H MLK XZQJHW W J>MR >LJW MH >MRW H >NCJM H >LH W M >JN JB>W >LJK W J>MR XZQJHW M >RY RXWQH B>W >LJ M BBL",NA,"qal","perf","M >RY RXWQH B>W >LJ M BBL",NA,">LJ",">L","to me",0,"prep","person","anim","det","prsf","simple","factive","goal",">L",NA,NA,NA,NA,NA,NA,NA,NA,"prose","Hebrew","CBH","Isaiah_MT","prepositional"
1908886,"BW>[","1Qisaa","Isaiah","1_Isaiah",39,3,"JBW>","W JBW> JC<JH H NBJ> >L H MLK JXWZQJH W JW>MR >LJW MH >MRW H >NCJM H >LH W M >JN JBW>W >LJKH W JW>MR JXWZQJH M >RY RXWQH B>W >LJ M BBL","0 0000 00000 0 0000 00 0 000 0000000 0 00000 0000 00 0000 0 00000 0 000 0 0 000 00000 00000 0 00000 0000000 0 000 00000 000 000 0 000","qal","wayy","W JBW> JC<JH H NBJ> >L H MLK JXWZQJH","JC<JH H NBJ>",">L H MLK JXWZQJH",">L H MLK/ XZQJHW/","to king Hezekiah",0,"prep","person","anim","det","subs","complex","factive","goal",">L",NA,NA,NA,NA,NA,NA,"W JBW> JC<JH H NBJ> >L H MLK JXWZQJH W JW>MR >LJW MH >MRW H >NCJM H >LH W M >JN JBW>W >LJKH W JW>MR JXWZQJH M >RY RXWQH B>W >LJ M BBL",NA,"prose","Hebrew","CBH","Isaiah_1Qisaa","prepositional"
1908906,"BW>[","1Qisaa","Isaiah","1_Isaiah",39,3,"JBW>W","W JBW> JC<JH H NBJ> >L H MLK JXWZQJH W JW>MR >LJW MH >MRW H >NCJM H >LH W M >JN JBW>W >LJKH W JW>MR JXWZQJH M >RY RXWQH B>W >LJ M BBL","0 0000 00000 0 0000 00 0 000 0000000 0 00000 0000 00 0000 0 00000 0 000 0 0 000 00000 00000 0 00000 0000000 0 000 00000 000 000 0 000","qal","impf","W M >JN JBW>W >LJKH",NA,">LJKH",">L","to you",0,"prep","person","anim","det","prsf","simple","factive","goal",">L",NA,NA,NA,NA,NA,NA,"W JBW> JC<JH H NBJ> >L H MLK JXWZQJH W JW>MR >LJW MH >MRW H >NCJM H >LH W M >JN JBW>W >LJKH W JW>MR JXWZQJH M >RY RXWQH B>W >LJ M BBL",NA,"prose","Hebrew","CBH","Isaiah_1Qisaa","prepositional"
1908914,"BW>[","1Qisaa","Isaiah","1_Isaiah",39,3,"B>W","W JBW> JC<JH H NBJ> >L H MLK JXWZQJH W JW>MR >LJW MH >MRW H >NCJM H >LH W M >JN JBW>W >LJKH W JW>MR JXWZQJH M >RY RXWQH B>W >LJ M BBL","0 0000 00000 0 0000 00 0 000 0000000 0 00000 0000 00 0000 0 00000 0 000 0 0 000 00000 00000 0 00000 0000000 0 000 00000 000 000 0 000","qal","perf","M >RY RXWQH B>W >LJ M BBL",NA,">LJ",">L","to me",0,"prep","person","anim","det","prsf","simple","factive","goal",">L",NA,NA,NA,NA,NA,NA,"W JBW> JC<JH H NBJ> >L H MLK JXWZQJH W JW>MR >LJW MH >MRW H >NCJM H >LH W M >JN JBW>W >LJKH W JW>MR JXWZQJH M >RY RXWQH B>W >LJ M BBL",NA,"prose","Hebrew","CBH","Isaiah_1Qisaa","prepositional"
1921795,"BW>[","1Q8","Isaiah","1_Isaiah",39,3,"JB>W","W JBW> JC<JHW H NBJ> >L H MLK XZQJHW W J>MR >LJW MH >MRW H >NCJM H >LH W M >JN JB>W >LJK W J>MR XZQJHW M >RY RXWQH B>W >LJ M BBL","0 0000 000000 0 0000 11 1 111 111111 1 1111 1111 11 1111 1 11110 1 000 0 0 000 0000 0000 1 0011 111111 1 111 11111 111 111 1 111","qal","impf","W M >JN JB>W >LJK",NA,">LJK",">L","to you",0,"prep","person","anim","det","prsf","simple","factive","goal",">L",NA,NA,NA,NA,NA,NA,"W JBW> JC<JHW H NBJ> [>L H MLK XZQJHW W J>MR >LJW MH >MRW H >NCJ]M [H] >LH W M >JN JB>W >LJK [W] J>[MR XZQJHW M >RY RXWQH B>W >LJ M BBL]",NA,"prose","Hebrew","CBH","Isaiah_1Q8","prepositional"
227276,"BW>[","MT","Isaiah","2_Isaiah",43,23,"HBJ>T","L> HBJ>T LJ FH <LTJK W ZBXJK L> KBDTNJ L> H<BDTJK B MNXH W L> HWG<TJK B LBWNH",NA,"hif","perf","L> HBJ>T LJ FH <LTJK",NA,"LJ","L","to me",0,"prep","person","anim","det","prsf","simple","factive","goal","L",NA,NA,NA,NA,NA,NA,NA,NA,"prophetic","Hebrew","other","Isaiah_MT","prepositional"
1910817,"BW>[","1Qisaa","Isaiah","2_Isaiah",43,23,"HBJ>WTH","LW> HBJ>WTH LJ FH L <WLH W B ZBXJKH LW> KBDTNJ W LW> <FJTH LJ> MNXH W LW> HWG<TJKH B LBWNH","000 0000000 00 00 0 0000 0 0 000000 000 000000 0 000 00000 000 0000 0 000 00000000 0 00000","hifil","perf","LW> HBJ>WTH LJ FH L",NA,"LJ","L","to me",0,"prep","person","anim","det","prsf","simple","factive","goal","L",NA,NA,NA,NA,NA,NA,"LW> HBJ>WTH LJ FH L <WLH W B ZBXJKH LW> KBDTNJ W LW> <FJTH LJ> MNXH W LW> HWG<TJKH B LBWNH",NA,"prophetic","Hebrew","other","Isaiah_1Qisaa","prepositional"
1922630,"BW>[","1Q8","Isaiah","2_Isaiah",43,23,"HBJ>WT","L> HBJ>WT LJ FH <LTJK W ZBXJK L> KBDTNJ L> H<BDTJK B MNXH W L> HWG<TJK B LBWNH","11 000000 00 00 00000 0 11111 11 111111 11 1111111 1 1111 1 11 1111111 0 00000","hifil","perf","L> HBJ>WT LJ FH <LTJK",NA,"LJ","L","to me",0,"prep","person","anim","det","prsf","simple","factive","goal","L",NA,NA,NA,NA,NA,NA,"[L>] HBJ>WT LJ FH <LTJK W [ZBXJK L> KBDTNJ L> H<BDTJK B MNXH W L> HWG<TJK] B LBWNH",NA,"prophetic","Hebrew","other","Isaiah_1Q8","prepositional"
228114,"<BR[","MT","Isaiah","2_Isaiah",45,14,"J<BRW","KH >MR JHWH JGJ< MYRJM W SXR KWC W SB>JM >NCJ MDH <LJK J<BRW W LK JHJW >XRJK JLKW B ZQJM J<BRW W >LJK JCTXWW >LJK JTPLLW >K BK >L W >JN <WD >PS >LHJM",NA,"qal","impf","JGJ< MYRJM W SXR KWC W SB>JM >NCJ MDH <LJK J<BRW","JGJ< MYRJM W SXR KWC W SB>JM >NCJ MDH","<LJK","<L","upon you",0,"prep","person","anim","det","prsf","simple","factive","goal","<L",NA,NA,NA,NA,NA,NA,NA,NA,"prophetic","Hebrew","other","Isaiah_MT","prepositional"
1911707,"<BR[","1Qisaa","Isaiah","2_Isaiah",45,14,"J<BWRW","KWH >MR JHWH JGJ< MYRJM W SXR KWC SB>JM >NCJ MDWT <LJK J<BWRW W LK JHJW >XRJK JLKW B ZQJM J<BWRW W >LJKJ JCTXWWH W >LJKJ JTPLLW >K BKJ >L W >JN <WD >PS >LWHJM","011 111 0000 0000 00000 0 000 000 00000 0000 0000 0000 000000 0 00 0000 01111 0000 0 0000 000000 0 00000 0000000 0 00000 000000 00 000 00 0 000 000 011 110000","qal","impf","JGJ< MYRJM W SXR KWC SB>JM >NCJ MDWT <LJK J<BWRW",NA,"<LJK","<L","upon you",0,"prep","person","anim","det","prsf","simple","factive","goal","<L",NA,NA,NA,NA,NA,NA,"K[WH >MR] JHWH JGJ< MYRJM W SXR KWC SB>JM >NCJ MDWT <LJK J<BWRW W LK JHJW >[XRJK] JLKW B ZQJM J<BWRW W >LJKJ JCTXWWH W >LJKJ JTPLLW >K BKJ >L W >JN <WD >[PS >L]WHJM",NA,"prophetic","Hebrew","other","Isaiah_1Qisaa","prepositional"
228311,"BW>[","MT","Isaiah","2_Isaiah",45,24,"JBW>",">K B JHWH LJ >MR YDQWT W <Z <DJW JBW> W JBCW KL H NXRJM BW",NA,"qal","impf","<DJW JBW>",NA,"<DJW","<D","to him",0,"prep","person","anim","det","prsf","simple","factive","goal","<D",NA,NA,NA,NA,NA,NA,NA,NA,"prophetic","Hebrew","other","Isaiah_MT","prepositional"
1911919,"BW>[","1Qisaa","Isaiah","2_Isaiah",45,24,"JBW>W",">K B JHWH LJ> J>MR YDQWT W <WZ <DJW JBW>W JBWCW KWL H NXRJM BW","00 0 0000 000 0000 00000 0 000 0000 00000 00000 000 0 00000 00","qal","impf","<DJW JBW>W",NA,"<DJW","<D","to him",0,"prep","person","anim","det","prsf","simple","factive","goal","<D",NA,NA,NA,NA,NA,NA,">K B JHWH LJ> J>MR YDQWT W <WZ <DJW JBW>W JBWCW KWL H NXRJM BW",NA,"prophetic","Hebrew","other","Isaiah_1Qisaa","prepositional"
229023,"QRB[","MT","Isaiah","2_Isaiah",48,16,"QRBW","QRBW >LJ CM<W Z>T L> M R>C B STR DBRTJ M <T HJWTH CM >NJ W <TH >DNJ JHWH CLXNJ W RWXW",NA,"qal","impv","QRBW >LJ",NA,">LJ",">L","to me",0,"prep","person","anim","det","prsf","simple","factive","goal",">L",NA,NA,NA,NA,NA,NA,NA,NA,"prophetic","Hebrew","other","Isaiah_MT","prepositional"
1912677,"QRB[","1Qisaa","Isaiah","2_Isaiah",48,16,"QRWBW","QRWBW >LJ W CM<W ZW>T LW> M RWC B STR DBRTJ B <T HJWTH CMH >NJ W <TH >DWNJ JHWH CLXNJ W RWXW","00000 000 0 0000 0000 000 0 000 0 000 00000 0 00 00000 000 000 0 000 00000 0000 00000 0 0000","qal","impv","QRWBW >LJ",NA,">LJ",">L","to me",0,"prep","person","anim","det","prsf","simple","factive","goal",">L",NA,NA,NA,NA,NA,NA,"QRWBW >LJ W CM<W ZW>T LW> M RWC B STR DBRTJ B <T HJWTH CMH >NJ W <TH >DWNJ JHWH CLXNJ W RWXW",NA,"prophetic","Hebrew","other","Isaiah_1Qisaa","prepositional"
229110,"JY>[","MT","Isaiah","2_Isaiah",48,20,"HWYJ>WH","Y>W M BBL BRXW M KFDJM B QWL RNH HGJDW HCMJ<W Z>T HWYJ>WH <D QYH H >RY >MRW G>L JHWH <BDW J<QB",NA,"hif","impv","HWYJ>WH <D QYH H >RY",NA,"<D QYH H >RY","<D QYH=/ H >RY/","to the end of the earth",0,"prep","place","inanim","det","subs","complex","fictive","goal","<D",NA,NA,NA,NA,NA,"fictive-bring words, news",NA,NA,"prophetic","Hebrew","other","Isaiah_MT","prepositional"
229219,"CWB[","MT","Isaiah","2_Isaiah",49,5,"CWBB","W <TH >MR JHWH JYRJ M BVN L <BD LW L CWBB J<QB >LJW W JFR>L L> J>SP W >KBD B <JNJ JHWH W >LHJ HJH <ZJ",NA,"piel","infc","L CWBB J<QB >LJW",NA,">LJW",">L","to him / it",0,"prep","person","anim","det","prsf","simple","factive","goal",">L",NA,NA,NA,NA,NA,NA,NA,NA,"prophetic","Hebrew","other","Isaiah_MT","prepositional"
1912889,"CWB[","1Qisaa","Isaiah","2_Isaiah",49,5,"CWBB","W <TH >MR JHWH JWYRK M BVN L <BD LW L CWBB J<QWB >LJW W JFR>L LW J>SP W >KBDH B <JNJ JHWH W >LWHJ HJH <ZRJ","0 000 000 0000 00000 0 000 0 000 00 0 0000 00000 0000 0 00000 00 0000 0 00000 0 0000 0000 0 00000 000 0000","polel","infc","L CWBB J<QWB >LJW",NA,">LJW",">L","to him / it",0,"prep","person","anim","det","prsf","simple","factive","goal",">L",NA,NA,NA,NA,NA,NA,"W <TH >MR JHWH JWYRK M BVN L <BD LW L CWBB J<QWB >LJW W JFR>L LW J>SP W >KBDH B <JNJ JHWH W >LWHJ HJH <ZRJ",NA,"prophetic","Hebrew","other","Isaiah_1Qisaa","prepositional"
1923715,"CWB[","1Q8","Isaiah","2_Isaiah",49,5,"CWBB","W <TH KH >MR JHWH JWYRJ M BVN L <BD LW L CWBB J<QB >LJW W JFR>L LW J>SP W >KBD B <JNJ JHWH W >LHJ HJH <ZJ","0 000 00 000 0000 00000 0 000 0 000 00 0 0000 0000 0000 0 00011 11 1111 1 0000 0 0000 0000 0 0000 000 000","polel","infc","L CWBB J<QB >LJW",NA,">LJW",">L","to him / it",0,"prep","person","anim","det","prsf","simple","factive","goal",">L",NA,NA,NA,NA,NA,NA,"W <TH KH >MR JHWH JWYRJ M BVN L <BD LW L CWBB J<QB >LJW W JFR[>L LW J>SP W] >KBD B <JNJ JHWH W >LHJ HJH <ZJ",NA,"prophetic","Hebrew","other","Isaiah_1Q8","prepositional"
229446,"BW>[","MT","Isaiah","2_Isaiah",49,18,"B>W","F>J SBJB <JNJK W R>J KLM NQBYW B>W LK XJ >NJ N>M JHWH KJ KLM K <DJ TLBCJ W TQCRJM K KLH",NA,"qal","perf","B>W LK",NA,"LK","L","to you",0,"prep","person","anim","det","prsf","simple","factive","goal","L",NA,NA,NA,NA,NA,NA,NA,NA,"prophetic","Hebrew","other","Isaiah_MT","prepositional"
1913133,"BW>[","1Qisaa","Isaiah","2_Isaiah",49,18,"B>W","S>J SBJB <JNJK W R>J KWLM NQBYW B>W LKJ XJ >NJ NW>M JHWH KJ> KWLM K <DJ TLBCJ W TQCRJM K KLH","000 0000 00000 0 000 0000 00000 000 000 00 000 0000 0000 000 0000 0 000 00000 0 000000 0 000","qal","perf","B>W LKJ",NA,"LKJ","L","to you",0,"prep","person","anim","det","prsf","simple","factive","goal","L",NA,NA,NA,NA,NA,NA,"S>J SBJB <JNJK W R>J KWLM NQBYW B>W LKJ XJ >NJ NW>M JHWH KJ> KWLM K <DJ TLBCJ W TQCRJM K KLH",NA,"prophetic","Hebrew","other","Isaiah_1Qisaa","prepositional"
229785,"NGC[","MT","Isaiah","2_Isaiah",50,8,"JGC","QRWB MYDJQJ MJ JRJB >TJ N<MDH JXD MJ B<L MCPVJ JGC >LJ",NA,"qal","impf","JGC >LJ",NA,">LJ",">L","to me",0,"prep","person","anim","det","prsf","simple","factive","goal",">L",NA,NA,NA,NA,NA,NA,NA,NA,"prophetic","Hebrew","other","Isaiah_MT","prepositional"
1913481,"NGC[","1Qisaa","Isaiah","2_Isaiah",50,8,"JGC","QRWB MYDJQJ MJ JRJB >TJ N<MWDH JXDJW MJ B<L MCPVJ JGC >LJ","0000 000000 00 0000 000 000000 00000 00 000 00000 000 000","qal","impf","JGC >LJ",NA,">LJ",">L","to me",0,"prep","person","anim","det","prsf","simple","factive","goal",">L",NA,NA,NA,NA,NA,NA,"QRWB MYDJQJ MJ JRJB >TJ N<MWDH JXDJW MJ B<L MCPVJ JGC >LJ",NA,"prophetic","Hebrew","other","Isaiah_1Qisaa","prepositional"
1923957,"NGC[","1Q8","Isaiah","2_Isaiah",50,8,"JGC","QRWB MYDJQJ MJ JRJB >TJ N<MDH JXD MJ B<L MCPVJ JGC >LJ","0000 000000 00 0000 000 11111 111 11 100 00000 000 000","qal","impf","JGC >LJ",NA,">LJ",">L","to me",0,"prep","person","anim","det","prsf","simple","factive","goal",">L",NA,NA,NA,NA,NA,NA,"QRWB MYDJQJ MJ JRJB >TJ [N<MDH JXD MJ B]<L MCPVJ JGC >LJ",NA,"prophetic","Hebrew","other","Isaiah_1Q8","prepositional"
230059,"BW>[","MT","Isaiah","2_Isaiah",51,11,"B>W","W PDWJJ JHWH JCWBWN W B>W YJWN B RNH W FMXT <WLM <L R>CM FFWN W FMXH JFJGWN NSW JGWN W >NXH",NA,"qal","perf","W B>W YJWN B RNH",NA,"YJWN","YJWN==/","to Zion",0,"vc","toponym","inanim","det","nmpr","simple","factive","goal",NA,NA,NA,NA,NA,NA,NA,NA,NA,"prophetic","Hebrew","other","Isaiah_MT","non-prepositional"
1913764,"BW>[","1Qisaa","Isaiah","2_Isaiah",51,11,"B>W","W PWL W PZWRJ JHWH JCWBW W B>W YJWN B RWNH W FMXT <WLM <L RW>CJHMH FFWN W FMXH JFJGW W NS JGWN W >NXH","0 000 0 00000 0000 00000 0 000 0000 0 0000 0 0000 0000 00 00000000 0000 0 0000 00000 0 00 0000 0 0000","qal","perf","W B>W YJWN B RWNH",NA,"YJWN","YJWN==/","to Zion",0,"vc","toponym","inanim","det","nmpr","simple","factive","goal",NA,NA,NA,NA,NA,NA,NA,"W PWL W PZWRJ JHWH JCWBW W B>W YJWN B RWNH W FMXT <WLM <L RW>CJHMH FFWN W FMXH JFJGW W NS JGWN W >NXH",NA,"prophetic","Hebrew","other","Isaiah_1Qisaa","non-prepositional"
230320,"BW>[","MT","Isaiah","2_Isaiah",52,1,"JB>","<WRJ <WRJ LBCJ <ZK YJWN LBCJ BGDJ TP>RTK JRWCLM <JR H QDC KJ L> JWSJP JB> BK <WD <RL W VM>",NA,"qal","impf","JB> BK <WD <RL W VM>","<RL W VM>","BK","B","in / through you",0,"prep","place","inanim","det","prsf","simple","factive","goal","B",NA,NA,NA,NA,NA,NA,NA,NA,"prophetic","Hebrew","other","Isaiah_MT","prepositional"
1914037,"BW>[","1Qisaa","Isaiah","2_Isaiah",52,1,"JBW>","<WRJ <WRJ LBCJ <WZ YJWN LBCJ BGDJ TP>RTK JRWCLM <JR H QWDC KJ> LW> JWSJP W JBW> BK <RL W VM>","0000 0000 0000 000 0000 0000 0000 000000 000000 000 0 0000 000 000 00000 0 0000 00 000 0 000","qal","impf","W JBW> BK <RL W VM>","<RL W VM>","BK","B","in / through you",0,"prep","place","inanim","det","prsf","simple","factive","goal","B",NA,NA,NA,NA,NA,NA,"<WRJ <WRJ LBCJ <WZ YJWN LBCJ BGDJ TP>RTK JRWCLM <JR H QWDC KJ> LW> JWSJP W JBW> BK <RL W VM>",NA,"prophetic","Hebrew","other","Isaiah_1Qisaa","prepositional"
230355,"JRD[","MT","Isaiah","2_Isaiah",52,4,"JRD","KJ KH >MR >DNJ JHWH MYRJM JRD <MJ B R>CNH L GWR CM W >CWR B >PS <CQW",NA,"qal","perf","MYRJM JRD <MJ B R>CNH","<MJ","MYRJM","MYRJM/","to Egypt",0,"vc","toponym","inanim","det","nmpr","simple","factive","goal",NA,NA,NA,NA,NA,NA,NA,NA,NA,"prophetic","Hebrew","other","Isaiah_MT","non-prepositional"
1914075,"JRD[","1Qisaa","Isaiah","2_Isaiah",52,4,"JRD","KJ> KWH >MR JHWH MYRJM JRD <MJ B RJCWNH L GWR CMH W >CWR B >PS <CQW","000 000 000 0000 00000 000 000 0 000000 0 000 000 0 0000 0 000 0000","qal","perf","MYRJM JRD <MJ B RJCWNH","<MJ","MYRJM","MYRJM/","to Egypt",0,"vc","toponym","inanim","det","nmpr","simple","factive","goal",NA,NA,NA,NA,NA,NA,NA,"KJ> KWH >MR JHWH MYRJM JRD <MJ B RJCWNH L GWR CMH W >CWR B >PS <CQW",NA,"prophetic","Hebrew","other","Isaiah_1Qisaa","non-prepositional"
230436,"CWB[","MT","Isaiah","2_Isaiah",52,8,"CWB","QWL YPJK NF>W QWL JXDW JRNNW KJ <JN B <JN JR>W B CWB JHWH YJWN",NA,"qal","infc","B CWB JHWH YJWN","JHWH","YJWN","YJWN==/","to Zion",0,"vc","toponym","inanim","det","nmpr","simple","factive","goal",NA,NA,NA,NA,NA,NA,NA,NA,NA,"prophetic","Hebrew","other","Isaiah_MT","non-prepositional"
1914158,"CWB[","1Qisaa","Isaiah","2_Isaiah",52,8,"CWB","QWL YWPJK NF>W QWLM JXDJW JRNNW KJ> <JN B <JN JR>W B CWB JHWH YJWN B RXMJM","000 00000 0000 0000 00000 00000 000 000 0 000 0000 0 000 0000 0000 0 00000","qal","infc","B CWB JHWH YJWN B RXMJM","JHWH","YJWN","YJWN==/","to Zion",0,"vc","toponym","inanim","det","nmpr","simple","factive","goal",NA,NA,NA,NA,NA,NA,"B RXMJM - with compassion - plus in 1Qisaa","QWL YWPJK NF>W QWLM JXDJW JRNNW KJ> <JN B <JN JR>W B CWB JHWH YJWN B RXMJM",NA,"prophetic","Hebrew","other","Isaiah_1Qisaa","non-prepositional"
1924265,"CWB[","1Q8","Isaiah","2_Isaiah",52,8,"CB","QWL YPJK NF>W QWL JXDJW JRNNW KJ <JN B <JN JR>W B CB JHWH YJWN","000 0000 0000 000 00000 00001 11 111 1 111 1110 0 00 0000 0000","qal","infc","B CB JHWH YJWN","JHWH","YJWN","YJWN==/","to Zion",0,"vc","toponym","inanim","det","nmpr","simple","factive","goal",NA,NA,NA,NA,NA,NA,NA,"QWL YPJK NF>W QWL JXDJW JRNN[W KJ <JN B <JN JR>]W B CB JHWH YJWN",NA,"prophetic","Hebrew","other","Isaiah_1Q8","non-prepositional"
231063,"HLK[","MT","Isaiah","2_Isaiah",55,1,"LKW","HWJ KL YM> LKW L MJM W >CR >JN LW KSP LKW CBRW W >KLW W LKW CBRW B LW> KSP W B LW> MXJR JJN W XLB",NA,"qal","impv","LKW L MJM",NA,"L MJM","L H MJM/","to the waters",0,"prep","place","inanim","det","subs","simple","factive","goal","L",NA,NA,NA,NA,NA,NA,NA,NA,"prophetic","Hebrew","other","Isaiah_MT","prepositional"
1914832,"HLK[","1Qisaa","Isaiah","2_Isaiah",55,1,"LKW","HWJ KWL YM> LKW L MJM W >CR >JN LW KSP LKW CBWRW B LW> KSP W B LW> MXJR JJN W XLB","000 000 000 000 0 000 0 000 000 00 000 000 00000 0 000 000 0 0 000 0000 000 0 000","qal","impv","LKW L MJM",NA,"L MJM","L H MJM/","to the waters",0,"prep","place","inanim","det","subs","simple","factive","goal","L",NA,NA,NA,NA,NA,NA,"HWJ KWL YM> LKW L MJM W >CR >JN LW KSP LKW CBWRW B LW> KSP W B LW> MXJR JJN W XLB",NA,"prophetic","Hebrew","other","Isaiah_1Qisaa","prepositional"
231116,"HLK[","MT","Isaiah","2_Isaiah",55,3,"LKW","HVW >ZNKM W LKW >LJ CM<W W TXJ NPCKM W >KRTH LKM BRJT <WLM XSDJ DWD H N>MNJM",NA,"qal","impv","W LKW >LJ",NA,">LJ",">L","to me",0,"prep","person","anim","det","prsf","simple","factive","goal",">L",NA,NA,NA,NA,NA,NA,NA,NA,"prophetic","Hebrew","other","Isaiah_MT","prepositional"
1914879,"HLK[","1Qisaa","Isaiah","2_Isaiah",55,3,"LKW","HVW >WZNKMH W LKW >LJ W CM<W W TXJH NPCKMH W >KRWT LKMH BRJT <WLM XSDJ DWJD H N>MNJM","000 0000000 0 000 000 0 0000 0 0000 000000 0 00000 0000 0000 0000 0000 0000 0 000000","qal","impv","W LKW >LJ",NA,">LJ",">L","to me",0,"prep","person","anim","det","prsf","simple","factive","goal",">L",NA,NA,NA,NA,NA,NA,"HVW >WZNKMH W LKW >LJ W CM<W W TXJH NPCKMH W >KRWT LKMH BRJT <WLM XSDJ DWJD H N>MNJM",NA,"prophetic","Hebrew","other","Isaiah_1Qisaa","prepositional"
1924743,"HLK[","1Q8","Isaiah","2_Isaiah",55,3,"LKW","HVW >ZNKM W LKW >LJ CM<W W TXJ NPCKM W >KRTH LKM BRJT <WLM XSDJ DWJD H N>MNJM","000 00000 0 000 000 0000 0 000 00000 1 11110 000 0000 0000 0000 0000 0 000000","qal","impv","W LKW >LJ",NA,">LJ",">L","to me",0,"prep","person","anim","det","prsf","simple","factive","goal",">L",NA,NA,NA,NA,NA,NA,"HVW >ZNKM W LKW >LJ CM<W W TXJ NPCKM [W >KRT]H LKM BRJT <WLM XSDJ DWJD H N>MNJM",NA,"prophetic","Hebrew","other","Isaiah_1Q8","prepositional"
231149,"RWY[","MT","Isaiah","2_Isaiah",55,5,"JRWYW","HN GWJ L> TD< TQR> W GWJ L> JD<WK >LJK JRWYW LM<N JHWH >LHJK W L QDWC JFR>L KJ P>RK",NA,"qal","impf","W GWJ >LJK JRWYW LM<N JHWH >LHJK W L QDWC JFR>L","GWJ",">LJK",">L","to you",0,"prep","person","anim","det","prsf","simple","factive","goal",">L",NA,NA,NA,NA,NA,NA,NA,NA,"prophetic","Hebrew","other","Isaiah_MT","prepositional"
1914915,"RWY[","1Qisaa","Isaiah","2_Isaiah",55,5,"JRWY","HNH GWJ LW> TD< TQR> W GWJ LW> JD<KH >LJKH JRWY LM<N JHWH >LWHJK W L QDWC JFR>L KJ> P>RK","000 000 000 000 0000 0 000 000 00000 00000 0000 0000 0000 000000 0 0 0000 00000 000 0000","qal","impf","W GWJ >LJKH JRWY LM<N JHWH >LWHJK W L QDWC JFR>L","GWJ",">LJKH",">L","to you",0,"prep","person","anim","det","prsf","simple","factive","goal",">L",NA,NA,NA,NA,NA,NA,"HNH GWJ LW> TD< TQR> W GWJ LW> JD<KH >LJKH JRWY LM<N JHWH >LWHJK W L QDWC JFR>L KJ> P>RK",NA,"prophetic","Hebrew","other","Isaiah_1Qisaa","prepositional"
1924779,"RWY[","1Q8","Isaiah","2_Isaiah",55,5,"JRWYW","HN GWJ L> TD< TQR> W GWJ >CR L> JD<WK >LJK JRWYW LM<N JHWH >LHJK W QDWC JFR>L KJ P>RK","00 000 00 000 0000 0 001 000 10 00000 0000 00111 0000 0011 10000 0 0000 00000 00 1100","qal","impf","W GWJ >LJK JRWYW LM<N JHWH >LHJK W QDWC JFR>L","GWJ",">LJK",">L","to you",0,"prep","person","anim","det","prsf","simple","factive","goal",">L",NA,NA,NA,NA,NA,NA,"HN GWJ L> TD< TQR> W GW[J] >CR [L]> JD<WK >LJK JR[WYW] LM<N JH[WH >]LHJK W QDWC JFR>L KJ [P>]RK",NA,"prophetic","Hebrew","other","Isaiah_1Q8","prepositional"
231256,"CWB[","MT","Isaiah","2_Isaiah",55,11,"JCWB","KN JHJH DBRJ >CR JY> M PJ L> JCWB >LJ RJQM KJ >M <FH >T >CR XPYTJ W HYLJX >CR CLXTJW",NA,"qal","impf","L> JCWB >LJ RJQM",NA,">LJ",">L","to me",0,"prep","person","anim","det","prsf","simple","fictive","goal",">L",NA,NA,NA,NA,NA,NA,NA,NA,"prophetic","Hebrew","other","Isaiah_MT","prepositional"
1915028,"CWB[","1Qisaa","Isaiah","2_Isaiah",55,11,"JCWB","KN JHJH DBRJ >CR JY> M PJ LW> JCWB >LJ RJQM KJ> >M <FH >T >CR XPYTJ W HYLJX >T >CR CLXTJW","00 0000 0000 000 000 0 00 000 0000 000 0000 000 00 000 00 000 00000 0 00000 00 000 000000","qal","impf","LW> JCWB >LJ RJQM",NA,">LJ",">L","to me",0,"prep","person","anim","det","prsf","simple","fictive","goal",">L",NA,NA,NA,NA,NA,NA,"KN JHJH DBRJ >CR JY> M PJ LW> JCWB >LJ RJQM KJ> >M <FH >T >CR XPYTJ W HYLJX >T >CR CLXTJW",NA,"prophetic","Hebrew","other","Isaiah_1Qisaa","prepositional"
1924890,"CWB[","1Q8","Isaiah","2_Isaiah",55,11,"JCWB","KN JHJH DBRJ >CR JY> M PJ L> JCWB >LJ RJQM KJ >M <FH >T >CR XPYTJ W HYLJX >T >CR CLXTJ","00 0000 0000 000 000 0 01 10 0000 000 0000 00 00 000 00 000 00000 0 00000 00 000 00000","qal","impf","JCWB >LJ RJQM",NA,">LJ",">L","to me",0,"prep","person","anim","det","prsf","simple","fictive","goal",">L",NA,NA,NA,NA,NA,NA,"KN JHJH DBRJ >CR JY> M P[J L]> JCWB >LJ RJQM KJ >M <FH >T >CR XPYTJ W HYLJX >T >CR CLXTJ",NA,"prophetic","Hebrew","other","Isaiah_1Q8","prepositional"
231454,"BW>[","MT","Isaiah","2_Isaiah",56,7,"HBJ>WTJM","W HBJ>WTJM >L HR QDCJ W FMXTJM B BJT TPLTJ <WLTJHM W ZBXJHM L RYWN <L MZBXJ KJ BJTJ BJT TPLH JQR> L KL H <MJM",NA,"hif","perf","W HBJ>WTJM >L HR QDCJ",NA,">L HR QDCJ",">L HR/ QDC/","to my holy mountain",0,"prep","place","inanim","det","subs","complex","factive","goal",">L",NA,NA,NA,NA,NA,NA,NA,NA,"prophetic","Hebrew","other","Isaiah_MT","prepositional"
1915236,"BW>[","1Qisaa","Isaiah","2_Isaiah",56,7,"HBJ>WTJM","W HBJ>WTJM >L HR QWDCJ W FMXTJM B BJT TPLTJ <WLWTJHMH W ZBXJHMH J<LW L RYWN <L MZBXJ KJ> BJTJ BJT TPLH JQRH L KWL H <MJM","0 00000000 00 00 00000 0 000000 0 000 00000 000000000 0 0000000 0000 0 0000 00 00000 000 0000 000 0000 0000 0 000 0 0000","hifil","perf","W HBJ>WTJM >L HR QWDCJ",NA,">L HR QWDCJ",">L HR/ QDC/","to my holy mountain",0,"prep","place","inanim","det","subs","complex","factive","goal",">L",NA,NA,NA,NA,NA,NA,"W HBJ>WTJM >L HR QWDCJ W FMXTJM B BJT TPLTJ <WLWTJHMH W ZBXJHMH J<LW L RYWN <L MZBXJ KJ> BJTJ BJT TPLH JQRH L KWL H <MJM",NA,"prophetic","Hebrew","other","Isaiah_1Qisaa","prepositional"
1915248,"<LH[","1Qisaa","Isaiah","2_Isaiah",56,7,"J<LW","W HBJ>WTJM >L HR QWDCJ W FMXTJM B BJT TPLTJ <WLWTJHMH W ZBXJHMH J<LW L RYWN <L MZBXJ KJ> BJTJ BJT TPLH JQRH L KWL H <MJM","0 00000000 00 00 00000 0 000000 0 000 00000 000000000 0 0000000 0000 0 0000 00 00000 000 0000 000 0000 0000 0 000 0 0000","qal","impf","<WLWTJHMH W ZBXJHMH J<LW L RYWN <L MZBXJ","<WLWTJHMH W ZBXJHMH","<L MZBXJ","<L MZBX/","on my altar",0,"prep","object","inanim","det","subs","complex","factive","goal","<L",NA,NA,NA,NA,NA,NA,"W HBJ>WTJM >L HR QWDCJ W FMXTJM B BJT TPLTJ <WLWTJHMH W ZBXJHMH J<LW L RYWN <L MZBXJ KJ> BJTJ BJT TPLH JQRH L KWL H <MJM",NA,"prophetic","Hebrew","other","Isaiah_1Qisaa","prepositional"
1925097,"BW>[","1Q8","Isaiah","2_Isaiah",56,7,"HBJ>TJM","W HBJ>TJM >L HR QDCJ W FMXTJM B BJT TPLTJ <LTJHM W ZBXJHM L RYWN <L MZBXJ KJ BJTJ BJT TPLH JQR> L KL H <MJM","0 0000000 00 00 0000 0 000010 0 000 00000 000000 0 000000 0 0000 00 00000 00 0000 000 0110 0000 0 00 0 0000","hifil","perf","W HBJ>TJM >L HR QDCJ",NA,">L HR QDCJ",">L HR/ QDC/","to my holy mountain",0,"prep","place","inanim","det","subs","complex","factive","goal",">L",NA,NA,NA,NA,NA,NA,"W HBJ>TJM >L HR QDCJ W FMXT[J]M B BJT TPLTJ <LTJHM W ZBXJHM L RYWN <L MZBXJ KJ BJTJ BJT T[PL]H JQR> L KL H <MJM",NA,"prophetic","Hebrew","other","Isaiah_1Q8","prepositional"
231589,"QRB[","MT","Isaiah","2_Isaiah",57,3,"QRBW","W >TM QRBW HNH BNJ <NNH ZR< MN>P W TZNH",NA,"qal","impv","W >TM QRBW HNH",">TM","HNH","HNH==","here",0,"vc","place","inanim","det","adv","simple","factive","goal",NA,NA,NA,NA,NA,NA,NA,NA,NA,"prophetic","Hebrew","other","Isaiah_MT","non-prepositional"
1915389,"QRB[","1Qisaa","Isaiah","2_Isaiah",57,3,"QRWBW","W >TMH QRWBW HNH BNJ <NNH ZR< MN>P W TZNW","0 0000 00000 000 000 0000 000 0000 0 0000","qal","impv","W >TMH QRWBW HNH",">TMH","HNH","HNH==","here",0,"vc","place","inanim","det","adv","simple","factive","goal",NA,NA,NA,NA,NA,NA,NA,"W >TMH QRWBW HNH BNJ <NNH ZR< MN>P W TZNW",NA,"prophetic","Hebrew","other","Isaiah_1Qisaa","non-prepositional"
231688,"CWR=[","MT","Isaiah","2_Isaiah",57,9,"TCRJ","W TCRJ L MLK B CMN W TRBJ RQXJK W TCLXJ YRJK <D M RXQ W TCPJLJ <D C>WL",NA,"qal","wayq","W TCRJ L MLK B CMN",NA,"L MLK","L H MLK/","to Molech",0,"prep","person","anim","det","subs","simple","factive","goal","L",NA,NA,NA,NA,NA,NA,NA,NA,"prophetic","Hebrew","other","Isaiah_MT","prepositional"
1915493,"CWR=[","1Qisaa","Isaiah","2_Isaiah",57,9,"TCRJ","W TCRJ L MLK B CMN W TRBJ RWQXJK W TCLXJ YJRJK <D M RXQ W TCPWLJ <D C>WL","0 0000 0 000 0 000 0 0000 000000 0 00000 00000 00 0 000 0 000000 00 0000","qal","wayy","W TCRJ L MLK B CMN",NA,"L MLK","L H MLK/","to Molech",0,"prep","person","anim","det","subs","simple","factive","goal","L",NA,NA,NA,NA,NA,NA,"W TCRJ L MLK B CMN W TRBJ RWQXJK W TCLXJ YJRJK <D M RXQ W TCPWLJ <D C>WL",NA,"prophetic","Hebrew","other","Isaiah_1Qisaa","prepositional"
232580,"BW>[","MT","Isaiah","2_Isaiah",59,20,"B>","W B> L YJWN GW>L W L CBJ PC< B J<QB N>M JHWH",NA,"qal","perf","W B> L YJWN GW>L",NA,"L YJWN","L YJWN==/","to Zion",0,"prep","toponym","inanim","det","nmpr","simple","factive","goal","L",NA,NA,NA,NA,NA,NA,NA,NA,"prophetic","Hebrew","other","Isaiah_MT","prepositional"
1916416,"BW>[","1Qisaa","Isaiah","2_Isaiah",59,20,"B>","W B> >L YJWN GW>L W L CBJ PC< B J<QWB NW>M JHWH","0 00 00 0000 0000 0 0 000 000 0 00000 0000 0000","qal","perf","W B> >L YJWN GW>L",NA,">L YJWN","L YJWN==/","to Zion",0,"prep","toponym","inanim","det","nmpr","simple","factive","goal",">L",NA,NA,NA,NA,NA,NA,"W B> >L YJWN GW>L W L CBJ PC< B J<QWB NW>M JHWH",NA,"prophetic","Hebrew","other","Isaiah_1Qisaa","prepositional"
232672,"BW>[","MT","Isaiah","2_Isaiah",60,4,"B>W","F>J SBJB <JNJK W R>J KLM NQBYW B>W LK BNJK M RXWQ JB>W W BNTJK <L YD T>MNH",NA,"qal","perf","B>W LK",NA,"LK","L","to you",0,"prep","person","anim","det","prsf","simple","factive","goal","L",NA,NA,NA,NA,NA,NA,NA,NA,"prophetic","Hebrew","other","Isaiah_MT","prepositional"
1916511,"BW>[","1Qisaa","Isaiah","2_Isaiah",60,4,"B>W","F>J SBJB <JNJK W R>J KWLMH NQBYW B>W LK BNJK M RXWQ JBW>W W BNWTJK <L YD T>MNH","000 0000 00000 0 000 00000 00000 000 00 0000 0 0000 00000 0 000000 00 00 00000","qal","perf","B>W LK",NA,"LK","L","to you",0,"prep","person","anim","det","prsf","simple","factive","goal","L",NA,NA,NA,NA,NA,NA,"F>J SBJB <JNJK W R>J KWLMH NQBYW B>W LK BNJK M RXWQ JBW>W W BNWTJK <L YD T>MNH",NA,"prophetic","Hebrew","other","Isaiah_1Qisaa","prepositional"
1925860,"BW>[","1Q8","Isaiah","2_Isaiah",60,4,"B>W","F>J SBJB <JNJK W R>J KLM NQBYW B>W LK BNJK M RXWQ JB>W W BNTJK <L YD TNFJNH","000 0000 00000 0 000 000 00000 000 00 0000 0 0000 0000 0 00000 00 00 000000","qal","perf","B>W LK",NA,"LK","L","to you",0,"prep","person","anim","det","prsf","simple","factive","goal","L",NA,NA,NA,NA,NA,NA,"F>J SBJB <JNJK W R>J KLM NQBYW B>W LK BNJK M RXWQ JB>W W BNTJK <L YD TNFJNH",NA,"prophetic","Hebrew","other","Isaiah_1Q8","prepositional"
232728,"<LH[","MT","Isaiah","2_Isaiah",60,7,"J<LW","KL Y>N QDR JQBYW LK >JLJ NBJWT JCRTWNK J<LW <L RYWN MZBXJ W BJT TP>RTJ >P>R",NA,"qal","impf","J<LW <L RYWN MZBXJ",NA,"MZBXJ","MZBX/","on my altar",0,"vc","object","inanim","det","subs","complex","factive","goal",NA,NA,NA,NA,NA,NA,NA,NA,NA,"prophetic","Hebrew","other","Isaiah_MT","non-prepositional"
1916569,"<LH[","1Qisaa","Isaiah","2_Isaiah",60,7,"J<LW","KWL YW>N QDR JQBYW LK >JLJ NB>WT JCRTWNK W J<LW L RYWN <L MZBXJ W BJT TP>RTJ >P>R","000 0000 000 00000 00 0000 00000 0000000 0 0000 0 0000 00 00000 0 000 000000 0000","hifil","impf","W J<LW L RYWN <L MZBXJ",NA,"<L MZBXJ","<L MZBX/","on my altar",0,"prep","object","inanim","det","subs","complex","factive","goal","<L",NA,NA,NA,NA,NA,NA,"KWL YW>N QDR JQBYW LK >JLJ NB>WT JCRTWNK W J<LW L RYWN <L MZBXJ W BJT TP>RTJ >P>R",NA,"prophetic","Hebrew","other","Isaiah_1Qisaa","prepositional"
1925919,"<LH[","1Q8","Isaiah","2_Isaiah",60,7,"J<LW","KL Y>N QDR JQBYW LK >JLJ NBJWT JCRTWNK J<LW RYWN MZBXJ W BJT TP>RTJ >P>R","00 000 000 00000 00 0000 00000 0000000 0000 0000 00000 0 000 000000 0000","hifil","impf","J<LW RYWN MZBXJ",NA,"MZBXJ","MZBX/","on my altar",0,"vc","object","inanim","det","subs","complex","factive","goal",NA,NA,NA,NA,NA,NA,NA,"KL Y>N QDR JQBYW LK >JLJ NBJWT JCRTWNK J<LW RYWN MZBXJ W BJT TP>RTJ >P>R",NA,"prophetic","Hebrew","other","Isaiah_1Q8","non-prepositional"
232803,"BW>[","MT","Isaiah","2_Isaiah",60,11,"HBJ>","W PTXW C<RJK TMJD JWMM W LJLH L> JSGRW L HBJ> >LJK XJL GWJM W MLKJHM NHWGJM",NA,"hif","infc","L HBJ> >LJK XJL GWJM",NA,">LJK",">L","to you",0,"prep","place","inanim","det","prsf","simple","factive","goal",">L",NA,NA,NA,NA,NA,NA,NA,NA,"prophetic","Hebrew","other","Isaiah_MT","prepositional"
1916647,"BW>[","1Qisaa","Isaiah","2_Isaiah",60,11,"HBJ>","W PTXW C<RJK TMJD JWMM W LJLH W LW> JSGRW L HBJ> >LJK XJL GW>JM W MLKJHMH NHWGJM","0 0000 00000 0000 0000 0 0000 0 000 00000 0 0000 0000 000 00000 0 0000000 000000","hifil","infc","L HBJ> >LJK XJL GW>JM",NA,">LJK",">L","to you",0,"prep","place","inanim","det","prsf","simple","factive","goal",">L",NA,NA,NA,NA,NA,NA,"W PTXW C<RJK TMJD JWMM W LJLH W LW> JSGRW L HBJ> >LJK XJL GW>JM W MLKJHMH NHWGJM",NA,"prophetic","Hebrew","other","Isaiah_1Qisaa","prepositional"
1925994,"BW>[","1Q8","Isaiah","2_Isaiah",60,11,"HBJ>","W PTXW C<RJK TMJD JWMM W LJLH L> JSGRW L HBJ> >LJK XJL GWJM W MLKJHM NHWGJM","0 0000 00000 0000 0000 0 0000 00 00000 0 0000 0000 000 0000 0 000000 000000","hifil","infc","L HBJ> >LJK XJL GWJM",NA,">LJK",">L","to you",0,"prep","place","inanim","det","prsf","simple","factive","goal",">L",NA,NA,NA,NA,NA,NA,"W PTXW C<RJK TMJD JWMM W LJLH L> JSGRW L HBJ> >LJK XJL GWJM W MLKJHM NHWGJM",NA,"prophetic","Hebrew","other","Isaiah_1Q8","prepositional"
232844,"HLK[","MT","Isaiah","2_Isaiah",60,14,"HLKW","W HLKW >LJK CXWX BNJ M<NJK W HCTXWW <L KPWT RGLJK KL MN>YJK W QR>W LK <JR JHWH YJWN QDWC JFR>L",NA,"qal","perf","W HLKW >LJK BNJ M<NJK","BNJ M<NJK",">LJK",">L","to you",0,"prep","place","inanim","det","prsf","simple","factive","goal",">L",NA,NA,NA,NA,NA,NA,NA,NA,"prophetic","Hebrew","other","Isaiah_MT","prepositional"
1916695,"HLK[","1Qisaa","Isaiah","2_Isaiah",60,14,">HLKW","W >HLKW >LJK CXWX KWL BNJ MN<YJK M<NJK W HCTXWW <L KPWT RGLJK KWL MN>YJK W QR>W LK <JR JHWH YJWN QDWC JFR>L","0 00000 0000 0000 000 000 000000 00000 0 000000 00 0000 00000 000 000000 0 0000 00 000 0000 0000 0000 00000","qal","perf","W >HLKW >LJK KWL BNJ MN<YJK M<NJK","BNJ MN<YJK M<NJK",">LJK",">L","to you",0,"prep","place","inanim","det","prsf","simple","factive","goal",">L",NA,NA,NA,NA,NA,NA,"W >HLKW >LJK CXWX KWL BNJ MN<YJK M<NJK W HCTXWW <L KPWT RGLJK KWL MN>YJK W QR>W LK <JR JHWH YJWN QDWC JFR>L",NA,"prophetic","Hebrew","other","Isaiah_1Qisaa","prepositional"
1926038,"HLK[","1Q8","Isaiah","2_Isaiah",60,14,"HLKW","W HLKW >LJK CXWX KL BNJ M<NJK W HCTXWW <L KPWT RGLJK KL MN>YJK W QR>W LK <JR JHWH YJWN QDWC JFR>L","0 0000 0000 0000 00 011 11111 0 000000 00 0000 00000 00 000000 0 0000 00 000 1111 1000 0000 00000","qal","perf","W HLKW >LJK KL BNJ M<NJK","BNJ M<NJK",">LJK",">L","to you",0,"prep","place","inanim","det","prsf","simple","factive","goal",">L",NA,NA,NA,NA,NA,NA,"W HLKW >LJK CXWX KL B[NJ M<NJK] W HCTXWW <L KPWT RGLJK KL MN>YJK W QR>W LK <JR [JHWH Y]JWN QDWC JFR>L",NA,"prophetic","Hebrew","other","Isaiah_1Q8","prepositional"
233562,"JRD[","MT","Isaiah","2_Isaiah",63,6,">WRJD","W >BWS <MJM B >PJ W >CKRM B XMTJ W >WRJD L >RY NYXM",NA,"hif","impf","W >WRJD L >RY NYXM",NA,"L >RY","L H >RY/","to the land / ground",0,"prep","place","inanim","det","subs","simple","factive","goal","L",NA,NA,NA,NA,NA,NA,NA,NA,"prophetic","Hebrew","other","Isaiah_MT","prepositional"
1917446,"JRD[","1Qisaa","Isaiah","2_Isaiah",63,6,">WRJDH","W >BWSH <MJM B >PJ> W >CKJRMH B XMTJ W >WRJDH L >RY NYXM","0 00000 0000 0 0000 0 0000000 0 0000 0 000000 0 000 0000","hifil","impf","W >WRJDH L >RY NYXM",NA,"L >RY","L H >RY/","to the land / ground",0,"prep","place","inanim","det","subs","simple","factive","goal","L",NA,NA,NA,NA,NA,NA,"W >BWSH <MJM B >PJ> W >CKJRMH B XMTJ W >WRJDH L >RY NYXM",NA,"prophetic","Hebrew","other","Isaiah_1Qisaa","prepositional"
233699,"JRD[","MT","Isaiah","2_Isaiah",63,14,"TRD","K BHMH B BQ<H TRD RWX JHWH TNJXNW KN NHGT <MK L <FWT LK CM TP>RT",NA,"qal","impf","B BQ<H TRD",NA,"B BQ<H","B H BQ<H/","in the valley",0,"prep","place","inanim","det","subs","simple","factive","goal","B",NA,NA,NA,NA,NA,NA,NA,NA,"prophetic","Hebrew","other","Isaiah_MT","prepositional"
234030,"QRB[","MT","Isaiah","2_Isaiah",65,5,"QRB","H >MRJM QRB >LJK >L TGC BJ KJ QDCTJK >LH <CN B >PJ >C JQDT KL H JWM",NA,"qal","impv","QRB >LJK",NA,">LJK",">L","to you",0,"prep","person","anim","det","prsf","simple","factive","goal",">L",NA,NA,NA,NA,NA,NA,NA,NA,"prophetic","Hebrew","other","Isaiah_MT","prepositional"
234033,"NGC[","MT","Isaiah","2_Isaiah",65,5,"TGC","H >MRJM QRB >LJK >L TGC BJ KJ QDCTJK >LH <CN B >PJ >C JQDT KL H JWM",NA,"qal","impf",">L TGC BJ",NA,"BJ","B","in me",0,"prep","person","anim","det","prsf","simple","factive","goal","B",NA,NA,NA,NA,NA,NA,NA,NA,"prophetic","Hebrew","other","Isaiah_MT","prepositional"
1917940,"QRB[","1Qisaa","Isaiah","2_Isaiah",65,5,"QRB","H >WMRJM QRB >LJKH >L TG< BJ> QDCTJKH >LH <CN B >PJ >C JWQDT KWL H JWM","0 000000 000 00000 00 000 000 0000000 000 000 0 000 00 00000 000 0 000","qal","impv","QRB >LJKH",NA,">LJKH",">L","to you",0,"prep","person","anim","det","prsf","simple","factive","goal",">L",NA,NA,NA,NA,NA,NA,"H >WMRJM QRB >LJKH >L TG< BJ> QDCTJKH >LH <CN B >PJ >C JWQDT KWL H JWM",NA,"prophetic","Hebrew","other","Isaiah_1Qisaa","prepositional"
234871,"BW>[","MT","Isaiah","2_Isaiah",66,20,"HBJ>W","W HBJ>W >T KL >XJKM M KL H GWJM MNXH L JHWH B SWSJM W B RKB W B YBJM W B PRDJM W B KRKRWT <L HR QDCJ JRWCLM >MR JHWH K >CR JBJ>W BNJ JFR>L >T H MNXH B KLJ VHWR BJT JHWH",NA,"hif","perf","W HBJ>W >T KL >XJKM M KL H GWJM MNXH L JHWH B SWSJM W B RKB W B YBJM W B PRDJM W B KRKRWT <L HR QDCJ JRWCLM",NA,"<L HR QDCJ JRWCLM","<L HR/ QDC/ JRWCLM/","to my holy mountain Jerusalem",0,"prep","toponym","inanim","det","subs","complex","factive","goal","<L",NA,NA,NA,NA,NA,NA,NA,NA,"prophetic","Hebrew","other","Isaiah_MT","prepositional"
234909,"BW>[","MT","Isaiah","2_Isaiah",66,20,"JBJ>W","W HBJ>W >T KL >XJKM M KL H GWJM MNXH L JHWH B SWSJM W B RKB W B YBJM W B PRDJM W B KRKRWT <L HR QDCJ JRWCLM >MR JHWH K >CR JBJ>W BNJ JFR>L >T H MNXH B KLJ VHWR BJT JHWH",NA,"hif","impf","K >CR JBJ>W BNJ JFR>L >T H MNXH B KLJ VHWR BJT JHWH","BNJ JFR>L","BJT JHWH","BJT/ JHWH/","to the house of YHWH",0,"vc","place","inanim","det","subs","complex","factive","goal",NA,NA,NA,NA,NA,NA,NA,NA,NA,"prophetic","Hebrew","other","Isaiah_MT","non-prepositional"
1918802,"BW>[","1Qisaa","Isaiah","2_Isaiah",66,20,"HBJ>W","W HBJ>W >T KWL KWL >XJKMH M KL H GW>JM MNXH L JHWH B SWSJM W B RKBM W B YWBJM W B W B PRDJM W B KWRKWBWT >L HR QDCJ JRWCLJM >MR JHWH K >CR JBJ>W BNJ JFR>L >T H MNXH B KLJ VHWR BJT JHWH","0 00000 00 000 000 000000 0 00 0 00000 0000 0 0000 0 00000 0 0 0000 0 0 00000 0 0 0 0 00000 0 0 00000000 00 00 0000 0000000 000 0000 0 000 00000 000 00000 00 0 0000 0 000 0000 000 0000","hifil","perf","W HBJ>W >T KWL KWL >XJKMH M KL H GW>JM MNXH L JHWH B SWSJM W B RKBM W B YWBJM W B W B PRDJM W B KWRKWBWT >L HR QDCJ JRWCLJM",NA,">L HR QDCJ JRWCLJM",">L HR/ QDC/ JRWCLM/","to my holy mountain Jerusalem",0,"prep","toponym","inanim","det","subs","complex","factive","goal",">L",NA,NA,NA,NA,NA,NA,"W HBJ>W >T KWL KWL >XJKMH M KL H GW>JM MNXH L JHWH B SWSJM W B RKBM W B YWBJM W B W B PRDJM W B KWRKWBWT >L HR QDCJ JRWCLJM >MR JHWH K >CR JBJ>W BNJ JFR>L >T H MNXH B KLJ VHWR BJT JHWH",NA,"prophetic","Hebrew","other","Isaiah_1Qisaa","prepositional"
1918839,"BW>[","1Qisaa","Isaiah","2_Isaiah",66,20,"JBJ>W","W HBJ>W >T KWL KWL >XJKMH M KL H GW>JM MNXH L JHWH B SWSJM W B RKBM W B YWBJM W B W B PRDJM W B KWRKWBWT >L HR QDCJ JRWCLJM >MR JHWH K >CR JBJ>W BNJ JFR>L >T H MNXH B KLJ VHWR BJT JHWH","0 00000 00 000 000 000000 0 00 0 00000 0000 0 0000 0 00000 0 0 0000 0 0 00000 0 0 0 0 00000 0 0 00000000 00 00 0000 0000000 000 0000 0 000 00000 000 00000 00 0 0000 0 000 0000 000 0000","hifil","impf","K >CR JBJ>W BNJ JFR>L >T H MNXH B KLJ VHWR BJT JHWH",NA,"BJT JHWH","BJT/ JHWH/","to the house of YHWH",0,"vc","place","inanim","det","subs","complex","factive","goal",NA,NA,NA,NA,NA,NA,NA,"W HBJ>W >T KWL KWL >XJKMH M KL H GW>JM MNXH L JHWH B SWSJM W B RKBM W B YWBJM W B W B PRDJM W B KWRKWBWT >L HR QDCJ JRWCLJM >MR JHWH K >CR JBJ>W BNJ JFR>L >T H MNXH B KLJ VHWR BJT JHWH",NA,"prophetic","Hebrew","other","Isaiah_1Qisaa","non-prepositional"
