dpar,level,mean,median,lo_95,lo_80,lo_50,hi_50,hi_80,hi_95
dirhe,1QH_1QH,-0.6780391083000644,-0.6561999415605033,-2.3043871553454456,-1.6580292065702222,-1.1631181992164872,-0.17344871348797058,0.26935836585162737,0.7937229397655423
dirhe,1QM_1QM,-0.8902956750790406,-0.8464153971504333,-2.5656143120206645,-1.8728641053342767,-1.3566848522990953,-0.3699828284701441,0.04122282416126935,0.5316948111237525
dirhe,1QS_1QS,-0.7217092920876108,-0.6931381254910516,-2.3617915529174516,-1.7016498039652777,-1.1990357773584508,-0.20738553334403106,0.22482028589471076,0.7495232572053138
dirhe,Amos_MT,-0.5931655470608668,-0.5774496581679132,-2.0217567137679615,-1.4737093650495696,-1.0259728636816814,-0.14078989182670326,0.25587224268955733,0.726465453873773
dirhe,Amos_Mur88,-0.6907297088874139,-0.6642134911969987,-2.3248560309621027,-1.7045647549041776,-1.1830486451099782,-0.17019256138699013,0.27651893303242403,0.8350951336285352
dirhe,Chronicles_MT,0.011665407507202814,0.002342862836651305,-1.147160084728973,-0.7399095295040702,-0.3916874294013399,0.40283676997066115,0.7727225760722359,1.2345840696378818
dirhe,Daniel_MT,-0.8019751846791495,-0.7669549896165613,-2.4257987647886914,-1.7852499104164639,-1.2546428954072573,-0.29998975010676476,0.12114700486833194,0.6107469799046402
dirhe,Deuteronomy_11Q3,-0.8239857136921267,-0.7901687045925587,-2.446286163011255,-1.7875866668408302,-1.28990268517336,-0.32083473738250373,0.10804176918770919,0.6116440855487476
dirhe,Deuteronomy_4Q128,-0.7590841116604433,-0.73625568197346,-2.3741143534745,-1.7242158739284377,-1.232950607420225,-0.24378047262358737,0.1783213934837679,0.664149480706988
dirhe,Deuteronomy_4Q129,-0.658643988905858,-0.6327854811624902,-2.3179012726945825,-1.6522713872298165,-1.150636215012582,-0.13891740166971642,0.3160132245810947,0.8532107319787727
dirhe,Deuteronomy_4Q134,-0.7618505941182719,-0.7294357431214181,-2.3755702952259257,-1.7269754141051405,-1.2285568597190877,-0.2659830476880331,0.17145439258607,0.6581419534392352
dirhe,Deuteronomy_4Q135,-0.6748124944621189,-0.6574783049906308,-2.298030648438615,-1.6569010814532381,-1.155528529962601,-0.16803833955851943,0.27682025519868825,0.8275990626000412
dirhe,Deuteronomy_4Q137,-0.7661070289824896,-0.7389565999729427,-2.3763740929402744,-1.7377153206928881,-1.226256314408681,-0.25669007332261645,0.17256342042076672,0.6593507586052565
dirhe,Deuteronomy_4Q138,-0.7953902630576275,-0.7626055443031711,-2.3893711649685434,-1.7744154469654134,-1.273660882327851,-0.2850760911331035,0.14199979874145516,0.6204424526436949
dirhe,Deuteronomy_4Q142,-0.7625384835306073,-0.7281542218187117,-2.3626584989732433,-1.7498129529674822,-1.2349469759624438,-0.2564738247540105,0.17362124706635823,0.6739853154171365
dirhe,Deuteronomy_4Q150,-0.31930750022533055,-0.3298182024623779,-1.7642370119238973,-1.2228770381647978,-0.7875299974161092,0.14741951640740333,0.5890563758107249,1.1762933205624324
dirhe,Deuteronomy_4Q28,-0.6894200095746951,-0.6660976275984065,-2.36847471747342,-1.690157806290823,-1.1753809439996448,-0.17497977233076648,0.27511157999493246,0.8309249744375105
dirhe,Deuteronomy_4Q30,-0.6611398392559598,-0.6388495670884642,-2.2846153648972267,-1.6557163701061608,-1.1518295002759797,-0.14304386327331414,0.30262081359782034,0.8656428959627062
dirhe,Deuteronomy_4Q31,-0.6692253866465602,-0.6532069521581569,-2.2929095866293867,-1.6666721778500577,-1.1586874287178988,-0.1576227232415895,0.29170645072242435,0.8247375647349778
dirhe,Deuteronomy_4Q35,-0.7929785494803723,-0.7616097484765764,-2.3918155717588463,-1.757223469775353,-1.2543680410182452,-0.28686502201877995,0.13162083756877846,0.6001623870389144
dirhe,Deuteronomy_4Q36,-0.6575024996813096,-0.6342619448075505,-2.319594942210133,-1.6444114947890422,-1.1423342967942387,-0.15329949069575793,0.30280122519725255,0.8776755751304541
dirhe,Deuteronomy_4Q37,-0.765618354064344,-0.7285007516180413,-2.391432385645883,-1.7423447308684596,-1.2252816475820185,-0.25782273034480363,0.16144672165200233,0.6452337492616692
dirhe,Deuteronomy_4Q38a,-0.7984230425655933,-0.7652239705736453,-2.4565448931493368,-1.7881554869134662,-1.2705262269452482,-0.27755007704478346,0.14404086214280687,0.6444768781013352
dirhe,Deuteronomy_4Q41,-0.7799145921584585,-0.7505964964596081,-2.3874173492449757,-1.724315047782313,-1.23768329978328,-0.28701463578789027,0.14614956139244886,0.6424272271387461
dirhe,Deuteronomy_8Q3,-0.7728959466739181,-0.735917784517794,-2.4173083367139845,-1.7551998501946398,-1.245045214263773,-0.26199696057764016,0.1620846559641493,0.6853465203647245
dirhe,Deuteronomy_MT,-0.5544123162207195,-0.5492700858253232,-1.3164759476952745,-1.0366193929054421,-0.8005215158868916,-0.3022577779499913,-0.07819509491917326,0.1721249562134811
dirhe,Deuteronomy_Xq2,-0.6755676426194468,-0.6485898596006141,-2.3065920227338004,-1.6618818352135456,-1.1469922038338503,-0.17120820105115975,0.27276804300735363,0.7829592323086766
dirhe,Deuteronomy_Xq3,-0.7691741545120111,-0.7380092258480382,-2.372536133508633,-1.735020932475435,-1.2398607758399602,-0.26545863899899813,0.17121571152934156,0.6508303804827971
dirhe,Ecclesiastes_MT,-0.6785568280778209,-0.6611375171191872,-2.2964441263647903,-1.6725778327824927,-1.1603799301891426,-0.1697619925816875,0.28692148822381663,0.8063605124278578
dirhe,Esther_MT,-0.8903094597683734,-0.8511849223763222,-2.5010108490029603,-1.8512034115489768,-1.347898801128145,-0.38242142262720097,0.018290790273639567,0.47027920800397077
dirhe,Exodus_34Se1,-0.6842694128918377,-0.6529534870713498,-2.3208361731370863,-1.6722765989285708,-1.1655131440013804,-0.1714193852246394,0.2552344125460917,0.8127953733837209
dirhe,Exodus_4Q1,-0.7989335729658594,-0.7579667787410116,-2.403584549083672,-1.7729640384254362,-1.2630193179374118,-0.2950303914259761,0.11319894017017451,0.6287067059650763
dirhe,Exodus_4Q11,-0.6786738658818278,-0.6498050141814672,-2.323907989616232,-1.6588953644788877,-1.1583369511531398,-0.16763429633417196,0.2754219862419482,0.7892957655665177
dirhe,Exodus_4Q13,-0.6565531512232239,-0.6292113599913257,-2.3168940651759224,-1.6581006910541203,-1.1453704513862384,-0.14998791057720126,0.31101586226043,0.8522215985093007
dirhe,Exodus_4Q130,-0.7074372093160675,-0.6747654373881924,-2.345629012115763,-1.700276958343634,-1.190779404055176,-0.18961996988962662,0.24255131639104502,0.7461879886067945
dirhe,Exodus_4Q134,-0.6790501223617035,-0.6534772992824864,-2.3029930370147804,-1.6637181058067543,-1.1689158404373627,-0.16078235136608648,0.28016877141070273,0.7813980775478326
dirhe,Exodus_4Q136,-0.7852450912795629,-0.7524477146807886,-2.382458688206538,-1.754263613164867,-1.255570753339566,-0.28486430821151737,0.14952271379123913,0.6304442657520802
dirhe,Exodus_4Q14,-0.3231998732885573,-0.33164715406016293,-1.7870390129498752,-1.2495952786194926,-0.8082496479359114,0.15224245674887038,0.6240966776077141,1.1879004341397565
dirhe,Exodus_4Q140,-0.7726290677331145,-0.740750824495795,-2.405409161258773,-1.7377262949757784,-1.236628941215171,-0.2694656606318523,0.15888602634844354,0.6269135943761404
dirhe,Exodus_4Q145,-0.6782556455867832,-0.6561061868372493,-2.3126434645035037,-1.6601365315006367,-1.1613723077763582,-0.17348609723640934,0.27367582418736963,0.8314702733641915
dirhe,Exodus_4Q155,-0.6838698494022445,-0.6518676974424105,-2.3179816846128123,-1.6722159100350311,-1.165871964883752,-0.1794642775929925,0.26873248817681383,0.8030835860660855
dirhe,Exodus_4Q16,-0.68269892728593,-0.651784020206807,-2.306883073545612,-1.6782069190655846,-1.1566672351519907,-0.1805386585202636,0.25991864995643527,0.7993268319383453
dirhe,Exodus_4Q17,-0.6581164116884192,-0.6366050180478596,-2.2924855681579035,-1.6510813579862729,-1.1406341957241388,-0.14931529924232523,0.30772569371922115,0.8571990521130196
dirhe,Exodus_4Q22,-0.4565270744642095,-0.44535383576808607,-1.8921062973155856,-1.3399682140958122,-0.9030928972432983,0.0020519723336416343,0.4210656337801866,0.9299454199648711
dirhe,Exodus_MT,-0.4610551473071509,-0.4553466665908258,-1.244831532662704,-0.960203767859967,-0.7184645693272055,-0.19561862205706754,0.029074586694900106,0.28924550912621516
dirhe,Exodus_Mur1,-0.7904820800362565,-0.7517290827577872,-2.4057463583865273,-1.7779967210745344,-1.2660617527847917,-0.28697973566970253,0.14355162554478793,0.6311915233923331
dirhe,Exodus_Mur4,-0.7034733267895954,-0.6819302942383145,-2.3153169940776275,-1.6788411260606602,-1.1824544405198334,-0.19784340319756022,0.2517548237895847,0.793900945293244
dirhe,Exodus_Xhev/se5,-0.7041643943233146,-0.6699649836684922,-2.333217294503421,-1.7005890861852413,-1.18433585761988,-0.19518988805541965,0.24495634715929912,0.7714612561064158
dirhe,Exodus_Xq1,-0.6842679422617783,-0.6582177457120529,-2.347958644602293,-1.694338916165303,-1.1702211319322036,-0.16765176787473482,0.2766374436478871,0.8423140655371965
dirhe,Exodus_Xq3,-0.6837703354660295,-0.6576291408963227,-2.361955903739589,-1.689674293385429,-1.1773907077485566,-0.16126653954320472,0.2781755427985591,0.8166954850468827
dirhe,Ezekiel_4Q73,-0.6556294504218616,-0.6244822466390703,-2.289569135464113,-1.6491807058245747,-1.1467893589923952,-0.14469084616061212,0.30333643304608365,0.8578381948913079
dirhe,Ezekiel_MT,6.79695934294867e-4,-0.008511610027805594,-1.0752749281880694,-0.7139966923143108,-0.38445447821086576,0.3722246305823753,0.7304704141234649,1.1461430155534922
dirhe,Ezekiel_Mas1d,-0.6938522629299647,-0.6653538895963858,-2.316213343214024,-1.6873615044599604,-1.1719045695245909,-0.18295642078513152,0.2601535866516,0.8112893757516633
dirhe,Ezra_MT,-1.073932975561785,-1.0259715453748657,-2.6976438452057026,-2.0259251879765747,-1.5218368990755804,-0.569176821036118,-0.17761647441134104,0.25254705581953846
dirhe,Genesis_4Q1,-0.2653887818545735,-0.2829304226968842,-1.5980802346742138,-1.1229812792522063,-0.7239091477564867,0.17410020151729763,0.6238326025415757,1.1348003688337578
dirhe,Genesis_4Q6,-0.33703367177113636,-0.3408548091786147,-1.7810475378350457,-1.2640039707024622,-0.8155823388716623,0.1268356724780315,0.5924054224881476,1.1725053700928927
dirhe,Genesis_4Q9,-0.6553197282249383,-0.6296308530279858,-2.2812626116703174,-1.6457421244897887,-1.137006212871063,-0.14463314471073227,0.28223375035636605,0.8399471344126406
dirhe,Genesis_MT,0.8203774115132301,0.8249566019959877,0.21217793172899865,0.4363461125118105,0.6264187548510345,1.023057436664697,1.197283262272912,1.4016666204541983
dirhe,Genesis_Sdeir1,-0.7616224989454078,-0.7247849496722392,-2.3774206539542586,-1.7451712417245109,-1.2372152751909589,-0.2597828060332073,0.17703220835715786,0.6933886963354519
dirhe,Habakkuk_MT,-0.6546716039461539,-0.6280029903546683,-2.381810398281348,-1.662936786060643,-1.1634128903052428,-0.1302861059480922,0.3228035618351871,0.91010324924547
dirhe,Haggai_MT,-0.7453559283792625,-0.7188402041085014,-2.334402573463421,-1.6953383726933875,-1.2122299436872774,-0.25458216557841395,0.16760594912588134,0.6933129255277927
dirhe,Hosea_MT,-0.8794237492030488,-0.8346490595051588,-2.4902867761742886,-1.8481659707390887,-1.3329840035273979,-0.374271778185088,0.030529862275937215,0.5030128821937053
dirhe,Isaiah_1Q8,-0.8016813696350801,-0.761207048446763,-2.3803157734326326,-1.7560335392168205,-1.2690995029174512,-0.2963722815713098,0.10918226694087864,0.5865983443574391
dirhe,Isaiah_1Qisaa,-0.9305934946616106,-0.9046026888607234,-2.152965017075321,-1.6949275184959445,-1.3066670863195071,-0.5299405635066151,-0.19951210199279387,0.16080677990472544
dirhe,Isaiah_MT,-0.9414605209993241,-0.9129081368099281,-2.1793527130243566,-1.697355770275232,-1.3102336475251175,-0.5441841439256172,-0.22260887883788952,0.13553489167555766
dirhe,Jeremiah_4Q72,-0.8045588322803836,-0.7733008800331092,-2.405067396991488,-1.7760574608042488,-1.2748895641810782,-0.294748923516823,0.13040835027721157,0.6097589515334302
dirhe,Jeremiah_4Q72a,-0.6833836125869763,-0.6636171380095085,-2.314663280567762,-1.679780653621512,-1.1658775368932779,-0.17137352915871112,0.2790130999236716,0.8080915062030175
dirhe,Jeremiah_MT,0.43544054359164946,0.41723903820091346,-0.551863667045386,-0.22726595204949926,0.07556512965414056,0.7798545683653353,1.1209906854942588,1.5136168939063326
dirhe,Job_MT,-0.7641558163711528,-0.7354951991946597,-2.381163208589182,-1.7457787339941633,-1.2368339379016446,-0.2571641855559684,0.17884532424905553,0.6700122768146697
dirhe,Joel_MT,-0.7182361590033676,-0.681356396256459,-2.34640718314506,-1.6882009859755707,-1.1939332855554285,-0.20952853537951097,0.21056652314001828,0.7187069350227292
dirhe,Joel_Mur88,-0.6666606315026228,-0.6400839514497889,-2.3318411117667575,-1.6661771023631748,-1.148094074535255,-0.1576015169466059,0.29199008083433714,0.8498787959990177
dirhe,Jonah_4Q76,-0.7481706184698005,-0.7154542056041309,-2.3772341365982506,-1.7156856742757225,-1.2178767341616612,-0.2437473319579608,0.18770909868363672,0.680695051509174
dirhe,Jonah_4Q82,-0.7632791193980297,-0.7301954540330191,-2.3898778110567345,-1.7302928218992797,-1.2271345055427294,-0.2697054642686169,0.17288392126257682,0.6744146008947984
dirhe,Jonah_MT,-0.5732926411905388,-0.56641558395533,-1.8660472961788883,-1.3864349847488482,-0.9837513075765422,-0.14853767710572863,0.22704062559628177,0.6678192835371495
dirhe,Jonah_Mur88,-0.6752759797187387,-0.6507762381092743,-2.0997572409055993,-1.5585446022212583,-1.106678927530822,-0.21973078250856987,0.16666880055933497,0.6425452164334459
dirhe,Joshua_4Q47,-0.6595247582406852,-0.6338862897538659,-2.306802835561501,-1.6684149933166326,-1.1564454392858439,-0.13897660850504756,0.3049908077156901,0.8394776251199607
dirhe,Joshua_4Q48,-0.2854289737083176,-0.2932909395171931,-1.7699470193885258,-1.2101925010326593,-0.7669603608056104,0.1841104166145434,0.656745910630029,1.2467810979886313
dirhe,Joshua_MT,-0.34715315367428473,-0.34676324439364636,-1.0743948250795594,-0.8145226763397466,-0.5886158476634198,-0.0997577810217424,0.11714072138291852,0.3701901873013558
dirhe,Judges_MT,-0.40689146924408326,-0.3982849444950396,-1.1076576730309178,-0.8545394664390359,-0.6318716937525759,-0.17617672817080748,0.029976548225519806,0.2500522133748448
dirhe,Kings_4Q54,-0.6727950424996645,-0.6468036173096009,-2.321362101133831,-1.6688883226023994,-1.1533653968444855,-0.15994573554144761,0.29195029052072535,0.837801864654161
dirhe,Kings_5Q2,-0.7954403411531036,-0.7629491352848897,-2.426131659269025,-1.7690773410428318,-1.2618855802380875,-0.28739275276079645,0.13523456747000387,0.6454231331873996
dirhe,Kings_MT,-0.28152088146435544,-0.27438171312226334,-0.8933889580753809,-0.6652842247867867,-0.47680473328805195,-0.07732500803205987,0.09487169424404548,0.28179458182635797
dirhe,Lamentations_5Q6,-0.6490715819260465,-0.6211679039759158,-2.3246494440074708,-1.643787200364101,-1.1293675314510159,-0.14251649151973028,0.30533265029597784,0.8804910120822163
dirhe,Lamentations_MT,-0.6870612515666373,-0.6574506214904792,-2.3181564571003386,-1.6709784342520118,-1.1837865644451089,-0.17585735221386256,0.2715300373275095,0.8179586480729386
dirhe,Leviticus_11Q1,-0.720476608088945,-0.687730803932859,-2.3604689052183376,-1.6897081264828269,-1.1860128621954853,-0.21910167992378787,0.21301975130093048,0.7262322544238698
dirhe,Leviticus_11Q2,-0.6583490125484067,-0.6320602594077736,-2.3314510413363636,-1.676579163979105,-1.136330579376914,-0.14303095497396537,0.307915696474574,0.8479688670228003
dirhe,Leviticus_4Q23,-0.7012929202873245,-0.6728529294228298,-2.4112663073078844,-1.7021188692364004,-1.1882205423209564,-0.18006480886744147,0.2644738795050778,0.8329556245788323
dirhe,Leviticus_4Q24,-0.6662542319407396,-0.6451125004955071,-2.287175744118284,-1.6454850630217124,-1.1570738162574574,-0.15714646575856642,0.2950047114625193,0.8556667642680905
dirhe,Leviticus_4Q26a,-0.6553941180830202,-0.6359936229146818,-2.3335966021544183,-1.6852007088894907,-1.1505838665347083,-0.1380454729234281,0.34247994790794734,0.9241357838116083
dirhe,Leviticus_MT,-1.3569809606116152,-1.29515225731947,-2.945450665760175,-2.2882594780363403,-1.7801234193211715,-0.8567082687283878,-0.5073315748782822,-0.12750303868086746
dirhe,Leviticus_Mas1a,-0.6643713504558887,-0.6372974238058273,-2.370199579768494,-1.6788448340249031,-1.1556072788989822,-0.14158023993707186,0.32382510316036184,0.8932189343709851
dirhe,Leviticus_Mas1b,-0.7715689411667142,-0.7399654021777572,-2.379461205801747,-1.7411528211749439,-1.2297071858211774,-0.26358987100920683,0.15805021143992617,0.6441049798631691
dirhe,Malachi_MT,-0.6698710567601789,-0.6457573263049174,-2.3167638954646095,-1.6660763509515593,-1.1539681472377177,-0.1577054653788354,0.29051087157293304,0.8415814522734759
dirhe,Micah_MT,-0.8570073166178662,-0.8069823043645663,-2.485024411572655,-1.8270736147446422,-1.313725022759804,-0.35448094044941436,0.05417377762373463,0.5401807522510264
dirhe,Micah_Mur88,-0.6493941627577237,-0.6230310865857993,-2.320440180486312,-1.6452661933930166,-1.1420196635536923,-0.14128852606442804,0.31267771680420653,0.8642404756030316
dirhe,Nahum_MT,-0.7915842464903534,-0.7536383718705737,-2.412215516876041,-1.755369033151064,-1.2541748507955501,-0.28389863879428023,0.14115319537555154,0.5993633456850765
dirhe,Nahum_Mur88,-0.6681414261288773,-0.6407509625181086,-2.3060862189555795,-1.6589916793135984,-1.1513501471025456,-0.16127902116853352,0.28828891619328506,0.8499152931737034
dirhe,Nehemiah_MT,-1.030345566688649,-0.9855459366420125,-2.6158889637062326,-1.9809584684807973,-1.4818461649987094,-0.52750907109332,-0.14724921606639033,0.29206008401859607
dirhe,Numbers_4Q23,-0.7848711514498017,-0.7482968130908898,-2.4015705106089027,-1.7659536368266413,-1.2523600391307461,-0.2794931562434989,0.14190823991349663,0.63765342220384
dirhe,Numbers_4Q27,-0.9831791636802438,-0.9300883881534221,-2.5924113604589576,-1.9523589154874326,-1.4307837562212034,-0.48067731382230366,-0.08380131043485217,0.3536723738143945
dirhe,Numbers_MT,-0.8110326533040776,-0.8044134351816569,-1.5617355918748697,-1.2891077142845482,-1.0540142413944622,-0.5540423392338819,-0.34741225231455364,-0.10517654952877178
dirhe,Obadiah_MT,-0.666806577080513,-0.6498637593863896,-2.3026299228081863,-1.6573180511341608,-1.153249193054994,-0.15463896841532432,0.3149547935177296,0.8526219745972561
dirhe,Obadiah_Mur88,-0.6661776937483158,-0.6452257842997207,-2.3138029217624014,-1.6533498997310017,-1.1561335645732127,-0.15471173953653855,0.3055519260966573,0.8425743984472631
dirhe,Proverbs_MT,-0.7282753894169346,-0.6899875303765677,-2.3703959581863194,-1.7218092084902379,-1.201711417752748,-0.220458731253275,0.19972341318643658,0.7369375646777927
dirhe,Psalms_4Q83,-0.6622498535512166,-0.6418344303038628,-2.315628685960213,-1.6409034984333106,-1.153180234754219,-0.15562462648536748,0.29393645246870176,0.8594132130151657
dirhe,Psalms_4Q85,-0.6637562743847051,-0.6371855817060053,-2.3214145913777795,-1.6822552168494342,-1.1624110468147424,-0.1417774394095697,0.30503493677643545,0.8750551381206464
dirhe,Psalms_4Q97,-0.6485223678180042,-0.6294224803579683,-2.3051523057883556,-1.6460419943823592,-1.130818317791569,-0.134831750975414,0.31812184009152844,0.876123819000391
dirhe,Psalms_4Q98a,-0.6618029096630414,-0.6403512467781217,-2.3003629027045642,-1.6573880993712475,-1.1486315632211512,-0.13285590352704396,0.2849917448718626,0.8231790845318301
dirhe,Psalms_MT,-0.8858289181638163,-0.8456504207601793,-2.510869674075752,-1.8593776999144713,-1.3445675771944354,-0.3768308544518165,0.033333859775734005,0.5158886660637572
dirhe,Ruth_2Q17,-0.7460325495823795,-0.718471928398388,-2.410897271641491,-1.7366804062551684,-1.2237102557365218,-0.22848434861431555,0.2023975727982328,0.7235992770443729
dirhe,Ruth_4Q104,-0.6695246858485304,-0.6393215318474345,-2.331862881427016,-1.6804783292935443,-1.152450778477569,-0.15277789351593435,0.29057227117932016,0.8485773374666482
dirhe,Ruth_MT,-1.056198546819522,-1.00689995037891,-2.671095777863681,-2.015129074134662,-1.5049541184588011,-0.5565822949870507,-0.16966792349222343,0.27314953197034586
dirhe,Samuel_1Q7,-0.7628675757951868,-0.7306762063093468,-2.366567748909622,-1.7395688643590734,-1.2294647035481057,-0.2633245331343555,0.17181862726912062,0.6635947488758672
dirhe,Samuel_4Q51,-0.8459599362215136,-0.8203527608449082,-2.2222101206813396,-1.6817862832432162,-1.2596051455122779,-0.39905776930180986,-0.04815836020731504,0.35337466721004074
dirhe,Samuel_4Q52,-0.10514313890104927,-0.13062155567858985,-1.432015949686351,-0.9686700174437897,-0.5726823747639083,0.3388669586014671,0.7990735551833361,1.3618052176099622
dirhe,Samuel_4Q53,-0.7341739816645346,-0.7021009883242411,-2.359778573456429,-1.7162816413174764,-1.2174330379229203,-0.21933960706615013,0.19960113142195776,0.6967031773489494
dirhe,Samuel_MT,-0.45257086054740503,-0.4492292679307256,-1.0173481046415378,-0.8141741437300666,-0.6388331445760185,-0.2632094085185244,-0.09198256550748544,0.09297442451821175
dirhe,Song_of_songs_6Q6,-0.6665099834744765,-0.6387989319592826,-2.3146691646393287,-1.670524275268562,-1.150447908535718,-0.15123957987631687,0.2872641000971645,0.8481877164469566
dirhe,Song_of_songs_MT,-0.6861344069254554,-0.6661247011366822,-2.318218446958005,-1.6706854756004557,-1.1591101613892898,-0.1813927522174479,0.26138205408770937,0.8087501448251694
dirhe,Zechariah_MT,-0.4699836766663194,-0.460851174532634,-1.9130550867627787,-1.3568263206049624,-0.9102209367987215,-0.013442765542161395,0.4089234078303902,0.9035671315891001
dirhe,Zephaniah_MT,-0.6519536853989727,-0.6317049598841631,-2.2673255334747697,-1.6385655157283388,-1.1440308545028273,-0.14831851812333546,0.3161134608099345,0.85863196124155
dirhe,Zephaniah_Mur88,-0.6543694271482338,-0.6302463994507055,-2.2817198245854016,-1.6482947589781545,-1.147114526410995,-0.14652378284661086,0.3104698845346379,0.8697176511908888
vc,1QH_1QH,-1.4805468090977905,-1.4515744036673248,-3.3286888908039587,-2.643818492478449,-2.0554946183177956,-0.8654452515866677,-0.36535821998429274,0.20355064224673408
vc,1QM_1QM,-0.8438359847932957,-0.8464268614676052,-2.4804267990026827,-1.8812585505282127,-1.377561639944201,-0.3049855326702347,0.19627893561559814,0.7804681761439002
vc,1QS_1QS,-1.4142066212741076,-1.380651841600013,-3.354385752974478,-2.60567569523422,-1.9957190626045878,-0.7886345877819934,-0.2685386039129042,0.3098467410866596
vc,Amos_MT,0.2095962484856911,0.20328049836447903,-0.9064469212451075,-0.5336138077932898,-0.18061812995228566,0.5920139809833752,0.960866388394099,1.3830498167781522
vc,Amos_Mur88,-0.6962020204192791,-0.7078028731116155,-2.433532343971287,-1.8157070521243952,-1.2914609973554443,-0.11204033871014069,0.44467166566373545,1.1324491709817286
vc,Chronicles_MT,-0.5090777440279979,-0.5107215808137291,-1.5970518193538163,-1.2063135526237274,-0.8737266589926922,-0.1449724750590058,0.19166349304156705,0.5808268514587017
vc,Daniel_MT,-0.5071947041527647,-0.5106824834953991,-1.8080687781442517,-1.3431451546126352,-0.9436792332421153,-0.06631160601581318,0.32424715641748414,0.8139925005180784
vc,Deuteronomy_11Q3,-1.316756630900882,-1.290136546596272,-3.2813260752339373,-2.5198762595461295,-1.9109716179904348,-0.6869743954075398,-0.14770777956019096,0.47383331436119575
vc,Deuteronomy_4Q128,-1.3922751364729673,-1.3588905808216307,-3.3265247721651434,-2.5945837437304657,-1.9827889834591428,-0.7638783662213792,-0.2331395336150623,0.3523799893959733
vc,Deuteronomy_4Q129,-1.1824167892487703,-1.1564705459586608,-3.1774515905001284,-2.444198947959537,-1.8186739614612715,-0.526338653610787,0.046205367435463544,0.7186129657405295
vc,Deuteronomy_4Q134,-1.3833754894669765,-1.3453466236842408,-3.3265482960781094,-2.58586262215661,-1.9757157527467846,-0.7614028328707863,-0.22918317129401397,0.36082821220675204
vc,Deuteronomy_4Q135,-1.3116619737135902,-1.2720611589131416,-3.2809348975038626,-2.5231601254830327,-1.9162236003584465,-0.6821155261304985,-0.14789429361950834,0.4648714521481266
vc,Deuteronomy_4Q137,-1.382711219245656,-1.3606163503632618,-3.2973260946219662,-2.5816501789659743,-1.9893528489800152,-0.7538273901929982,-0.21388569330126703,0.38865501990339196
vc,Deuteronomy_4Q138,-0.7850798936477931,-0.7860657595982408,-2.4998090579810244,-1.8545401960037915,-1.3329990625353683,-0.222122483434392,0.26678947754297466,0.9027119339798922
vc,Deuteronomy_4Q142,-1.3654752738381188,-1.3366840060199456,-3.2650592981096787,-2.542559406682672,-1.940916216186347,-0.7535717333662892,-0.2327864128720978,0.35589596702759196
vc,Deuteronomy_4Q150,-1.3528982043539608,-1.320495145065307,-3.251423775348392,-2.5417993223651862,-1.9374671170951507,-0.7359051198561537,-0.20809215735952846,0.4164698381413859
vc,Deuteronomy_4Q28,-1.2413227363057635,-1.2143082688787206,-3.2348583800558006,-2.469519442375582,-1.8625812232240404,-0.5951836484282655,-0.041432487376281475,0.6016282003667481
vc,Deuteronomy_4Q30,-1.1824090899663373,-1.1595322852652437,-3.1790362606684406,-2.448982760936187,-1.8213635653572453,-0.5302190953644446,0.056629497512090524,0.7517502607338622
vc,Deuteronomy_4Q31,-0.528839139799095,-0.5507216965714485,-2.3044096366067377,-1.6685578616138557,-1.1332529130317996,0.06298768896487111,0.6412447304914138,1.3409386091342739
vc,Deuteronomy_4Q35,-1.3673037599778064,-1.3327583520957655,-3.2764140949263454,-2.571240132264336,-1.9682444772976941,-0.7350022900656037,-0.21178535313243213,0.39223210639975203
vc,Deuteronomy_4Q36,-1.2227319586697307,-1.1974395235817477,-3.196144809105656,-2.4666461820067145,-1.8476431047162465,-0.5756344617379232,-0.025304288478453733,0.6295701455512174
vc,Deuteronomy_4Q37,-1.4743301115735916,-1.4350994016394956,-3.407071446243773,-2.6286884925890375,-2.0416648782406535,-0.8524198123057221,-0.35605552492987813,0.17431269549150324
vc,Deuteronomy_4Q38a,-1.3612207742653082,-1.330667544686595,-3.319154978463208,-2.551482923944705,-1.9586721155327322,-0.7368563942244541,-0.19250672655191056,0.38605169233877873
vc,Deuteronomy_4Q41,-1.5606096536003131,-1.5265027118027408,-3.3818728547016024,-2.686136995522111,-2.1115081486437575,-0.9672155826623166,-0.48841446117733367,0.08152833577711655
vc,Deuteronomy_8Q3,-0.6220547166383279,-0.6383064164655231,-2.3837050443714496,-1.7624506463769836,-1.2190859518975787,-0.03092052266703421,0.5226581794319725,1.2309019000043662
vc,Deuteronomy_MT,-1.7091562380741498,-1.6929508264013582,-2.555638648613863,-2.239941154195412,-1.9770508579442785,-1.4299896717111444,-1.194309692558735,-0.9473020261287114
vc,Deuteronomy_Xq2,-1.2914454956546637,-1.2594184279524194,-3.23703098185953,-2.515194442190645,-1.8855625208797635,-0.6613213035788146,-0.12982016315390998,0.504254597440816
vc,Deuteronomy_Xq3,-1.3964336071773122,-1.3597808314151252,-3.331153934859654,-2.5993632585718878,-1.9929733116237895,-0.7671175447922525,-0.23863765435146803,0.35448188770764316
vc,Ecclesiastes_MT,-1.7630662874033312,-1.7109741675505339,-3.592295993576664,-2.892860721434443,-2.303762898918919,-1.1676399705184317,-0.6954709031707966,-0.19534987531945897
vc,Esther_MT,-2.176865114629452,-2.1198646397875507,-3.937986290719791,-3.2594146310110297,-2.682929538705608,-1.6104110094378739,-1.1626061055933181,-0.6851135338650328
vc,Exodus_34Se1,-1.299500204320351,-1.262293227074609,-3.245934098814221,-2.515384256337327,-1.8835015268704303,-0.682618720214357,-0.12980854176281525,0.4764660271308005
vc,Exodus_4Q1,-1.3742669505690395,-1.3348786189417232,-3.3432462621992713,-2.5892418668474573,-1.9643885073669993,-0.7456065918035538,-0.21925408783427244,0.38929833403095
vc,Exodus_4Q11,-1.299529460450559,-1.261563994392025,-3.2573893747126403,-2.5009911390634323,-1.8930636388239874,-0.6628869731996435,-0.14468063940360532,0.4844767805175607
vc,Exodus_4Q13,-1.183808763478868,-1.1657546583803353,-3.1622923614994147,-2.4195250403516315,-1.814398499545193,-0.5417235317188899,0.035997844603109536,0.7064487230866289
vc,Exodus_4Q130,-1.4077656170543456,-1.3734352281540445,-3.2620576872575744,-2.579092864700132,-1.9902104658987525,-0.7868220809107941,-0.28177654804929386,0.27332905682927594
vc,Exodus_4Q134,-1.3071782281763467,-1.28814085874299,-3.241148084558385,-2.5005215880531773,-1.9085878633901847,-0.6730876650567026,-0.14748097033134588,0.4630499388504692
vc,Exodus_4Q136,-1.4474089421854364,-1.4102385152802974,-3.3303865881013532,-2.6212760840423335,-2.0145242943766584,-0.8266396173391328,-0.33501695399955117,0.22352822070250028
vc,Exodus_4Q14,-1.3534425465934734,-1.318198889582665,-3.349647008633651,-2.564941789417366,-1.9547781845162362,-0.7168302142688782,-0.17919006281525324,0.4274348179076953
vc,Exodus_4Q140,-1.3418355286684938,-1.3021592080124513,-3.2910817331551048,-2.545749900665347,-1.9307859354083514,-0.7179400476398743,-0.19798071930274946,0.43271665877157856
vc,Exodus_4Q145,-1.2958703825118878,-1.2620144402014326,-3.2702043634637645,-2.5110916792431595,-1.8920304840077435,-0.6560185143233597,-0.12885988953960395,0.48951859602583037
vc,Exodus_4Q155,-1.3160858137962568,-1.2787347014085193,-3.277151353499914,-2.5536513507471983,-1.918134337174452,-0.6794444949625343,-0.12909705134523072,0.5052625398457601
vc,Exodus_4Q16,-1.3031333106722578,-1.2706558254781601,-3.269805024984037,-2.5087381536399107,-1.894721524232357,-0.6758946841964797,-0.13560142320914667,0.4826281988390605
vc,Exodus_4Q17,-1.2082249949963273,-1.1901187865502114,-3.243034263909511,-2.451445843494304,-1.8373415531181578,-0.5467926627650271,0.025157331345562445,0.6858024701255933
vc,Exodus_4Q22,-1.5101738900771722,-1.470285420865965,-3.411479976051765,-2.684955428542876,-2.084016681297354,-0.8958543357591854,-0.38037818397935896,0.18287868110152744
vc,Exodus_MT,-1.9355673009506054,-1.9185337354717824,-2.7994548485606567,-2.4812427103064247,-2.2077575411916275,-1.6478553196767343,-1.4157270809121971,-1.1630217860117347
vc,Exodus_Mur1,-1.354937574286161,-1.3226273413022107,-3.2753108948874647,-2.544225570970335,-1.9353699716815105,-0.737284673794084,-0.21183309647744258,0.4003442514983212
vc,Exodus_Mur4,-1.4196183032473744,-1.385915121359497,-3.3529618791474833,-2.600159672642775,-1.9950621857339956,-0.7925963644680922,-0.2832257393317853,0.298659477479191
vc,Exodus_Xhev/se5,-1.4085417257647679,-1.3779914822130948,-3.3244296738292554,-2.575562621618109,-1.9950585885766157,-0.7834280256713918,-0.27805783569387116,0.288671708886988
vc,Exodus_Xq1,-1.2998420864307696,-1.2675975969022233,-3.23932625395475,-2.5193108622053053,-1.892003572439199,-0.6727954748415187,-0.13379256653803906,0.48321741282151515
vc,Exodus_Xq3,-1.3132375432274443,-1.271620027114317,-3.2621328276323616,-2.520444828305904,-1.9051344003670785,-0.689025815733373,-0.1596095812340697,0.46427429059836006
vc,Ezekiel_4Q73,-1.1855362201160604,-1.1754037048816315,-3.160414082934479,-2.393749174486091,-1.802967277206336,-0.5465785665064207,0.0110291889662604,0.6826902044194835
vc,Ezekiel_MT,-2.2972894780861357,-2.2872464979717373,-3.235091758836638,-2.9074343894916783,-2.6097021090272077,-1.9766778932963467,-1.7012147852803399,-1.3978125273070672
vc,Ezekiel_Mas1d,-1.5022147348320898,-1.4630605173179747,-3.4644610200220916,-2.694879593505206,-2.0998330703727954,-0.8687998470785065,-0.3443217988915021,0.249531959366653
vc,Ezra_MT,-1.2616857654720723,-1.2548942463738517,-2.6146242501358445,-2.119679411201019,-1.7071633265599495,-0.8049460832008135,-0.4038314674763423,0.024854177852650563
vc,Genesis_4Q1,-1.4714570998449141,-1.428044599993736,-3.3521258410003405,-2.632816113925234,-2.032358213049668,-0.8631938945545347,-0.36467407043684985,0.18071370089728453
vc,Genesis_4Q6,-1.3542429044965307,-1.3282837313320224,-3.2560048434140585,-2.5274488166811686,-1.9340833982951993,-0.7374588666351976,-0.20418332217089782,0.3987235362406125
vc,Genesis_4Q9,-1.1906988651040653,-1.1699816136596777,-3.1889899833915827,-2.4521401918896117,-1.8230222594468906,-0.5396837835303734,0.04030772325521385,0.7214399298825409
vc,Genesis_MT,-1.028061970252637,-1.019743859735196,-1.6002216421494024,-1.3982365909783883,-1.2146706749388183,-0.833887659790782,-0.6746071029325053,-0.49688288434438643
vc,Genesis_Sdeir1,-1.3966856571702893,-1.3628504656154101,-3.3153311538413286,-2.573123148357065,-1.970041976393813,-0.7842998575044864,-0.24459373013511285,0.3547648781151457
vc,Habakkuk_MT,-1.170818542358466,-1.1660755907131182,-3.1385637180983386,-2.382672006545923,-1.7983906580229527,-0.5390775939307875,0.04963600349177963,0.7523190211058094
vc,Haggai_MT,-0.9545407507776413,-0.943776476816055,-2.4486597078511063,-1.9030217954038966,-1.453242777404704,-0.45939004453437965,-0.004280715573642785,0.5124144316567691
vc,Hosea_MT,0.5092251483937453,0.5005543788248923,-0.6066891788649252,-0.23387436540552756,0.11172037253091835,0.8916958612055287,1.2587938066642028,1.6771381222043003
vc,Isaiah_1Q8,-0.7277245515240522,-0.7248430521155135,-2.0165094552189355,-1.5575886368890082,-1.147014389190194,-0.2977960625179432,0.08785192126662489,0.520714127075508
vc,Isaiah_1Qisaa,-1.0432894993314408,-1.0408220232296008,-1.8243042274315608,-1.5462201649476122,-1.2990826965495454,-0.781186078758823,-0.5454088606416113,-0.2834513998307347
vc,Isaiah_MT,-0.9193233052578363,-0.9153857189056942,-1.6770245347455068,-1.4110372855138924,-1.1702241994796507,-0.6589994119553911,-0.4339527829811427,-0.19393032596735252
vc,Jeremiah_4Q72,-0.6754981923742835,-0.6737089058623521,-2.2201072571518043,-1.6696391390124068,-1.202795592581082,-0.1544470366470138,0.32718417848018566,0.9084885952216143
vc,Jeremiah_4Q72a,-0.7371738437817481,-0.7459403801125495,-2.512264107953986,-1.8652392287585766,-1.3284549803195076,-0.14961058910298633,0.4084833412268147,1.0420416014787728
vc,Jeremiah_MT,-0.7796645952946241,-0.7740245853385906,-1.5621130948445752,-1.293758770364426,-1.0482810637688602,-0.5120577334461907,-0.274956234164225,-0.007948738222726539
vc,Job_MT,-1.5692961902584026,-1.5456168678938984,-2.9674921355964328,-2.457892686061745,-2.01777605833101,-1.0996230895199721,-0.7075322597327746,-0.30023846963459533
vc,Joel_MT,-1.6243363922746528,-1.5916555066843268,-3.223180211545477,-2.6131267110401803,-2.1260328645062074,-1.0961458153751724,-0.6685853195365701,-0.20708230393154053
vc,Joel_Mur88,-1.5673640188966285,-1.5132217146811247,-3.452325673863507,-2.735948019719356,-2.1275940968973317,-0.9634864781299799,-0.45620465573228186,0.08824388884075608
vc,Jonah_4Q76,-0.6871153239402273,-0.6956084705924745,-2.484544808675426,-1.822820510088939,-1.290193365144011,-0.09788801094417782,0.4769522436602164,1.1547950893145804
vc,Jonah_4Q82,-0.8231367167798606,-0.8218331359685224,-2.5127146330302206,-1.9035827008265966,-1.3820339605816454,-0.2571468730981815,0.24728190242472856,0.8656506721879277
vc,Jonah_MT,-1.801688672390466,-1.7647334541576014,-3.321989884286288,-2.748686551147348,-2.2605780610530086,-1.302962243166787,-0.9097960304905947,-0.49193214705902866
vc,Jonah_Mur88,-1.475438469172851,-1.451838369810027,-3.0393798523652125,-2.4315215135259773,-1.9556630201474545,-0.9724775935052536,-0.5360497564302601,-0.05146408989933961
vc,Joshua_4Q47,-1.1902836965033843,-1.1663541197158076,-3.205140641884289,-2.4261490679387334,-1.8257339727217392,-0.5457980083850252,0.03474442676475996,0.6812455454076265
vc,Joshua_4Q48,-1.375097071965715,-1.3427598613536142,-3.3522403350811794,-2.5743427379971044,-1.9710340430513145,-0.7367918728253207,-0.20733071513188076,0.37189328581079745
vc,Joshua_MT,-0.42377790487293443,-0.4181185084066372,-0.993179554602689,-0.7916889475258735,-0.6106437491859353,-0.22997522010962107,-0.06650502709897188,0.11492946597921144
vc,Judges_MT,-0.45731325900923153,-0.4533712746574834,-0.9647780671145357,-0.7872558930631856,-0.6253734245075846,-0.2832166742737998,-0.13793724250083175,0.026436373545418647
vc,Kings_4Q54,-1.3092822684589214,-1.284368059424437,-3.2620462920272013,-2.5076020607099268,-1.9075599289808305,-0.6827746003318469,-0.1354774429744772,0.49057362545122407
vc,Kings_5Q2,-1.389273781677331,-1.361185867487802,-3.3150304568857227,-2.5824274728266188,-1.9689492841552665,-0.7709503354846928,-0.24365351973002647,0.35817643259657483
vc,Kings_MT,0.012963442614360856,0.016697910037005048,-0.40975631290781367,-0.2549624786198903,-0.12186267307472076,0.15385897444403146,0.27621607581507346,0.40955663666809694
vc,Lamentations_5Q6,-1.1854976124709509,-1.17064629561224,-3.176405821064254,-2.420644749031025,-1.819661773507613,-0.5415621507625715,0.04471886476888981,0.7271632632471535
vc,Lamentations_MT,-1.2852064595070969,-1.2634963353018913,-2.879820517810269,-2.289181577204312,-1.7929124635709217,-0.7491445972981252,-0.3075566624998206,0.161702954706947
vc,Leviticus_11Q1,-1.3580390158968991,-1.3199814391967135,-3.309719913748777,-2.5459971114105198,-1.9372874616861617,-0.7323399111974618,-0.21502785530459045,0.37687844796469044
vc,Leviticus_11Q2,-1.1803687188768008,-1.152843874066823,-3.238101308384104,-2.4426236458316346,-1.8101708395702545,-0.5240834643440305,0.04636546574885386,0.7253133611969529
vc,Leviticus_4Q23,-1.2529262443883475,-1.223576208625956,-3.2552171401293744,-2.463228928054301,-1.8560810730739383,-0.6234734042115012,-0.08051227279642896,0.5845600951154623
vc,Leviticus_4Q24,-1.227028817175958,-1.1983041306635496,-3.2012607263522455,-2.4640350542251763,-1.8324347053387107,-0.5751387316308811,-0.022112922609710914,0.5883817698771667
vc,Leviticus_4Q26a,-1.1755895629844653,-1.161695923171065,-3.1809326831978915,-2.4331226441438925,-1.8037225733326068,-0.5345670456783254,0.05939226682183796,0.7569315045033367
vc,Leviticus_MT,-2.380481708824999,-2.3195626099817,-4.062161774868596,-3.3934510255681714,-2.859165162290101,-1.844326432904493,-1.4464736933392,-1.004898673867537
vc,Leviticus_Mas1a,-1.224896648940861,-1.205964549683292,-3.2191233106050685,-2.4437612665120088,-1.8484683670646396,-0.5784042390671361,-0.010324616650164842,0.6132617030040096
vc,Leviticus_Mas1b,-1.391110967786736,-1.3492398758122253,-3.3127900123770173,-2.5571957299148758,-1.962680459085237,-0.7831496895914569,-0.2706771445000321,0.3166087242713663
vc,Malachi_MT,-1.540646960113921,-1.4961047218556747,-3.4281728454568885,-2.6972432510615,-2.1068048209019854,-0.9249065546908206,-0.43119873894955063,0.11393987843165622
vc,Micah_MT,-1.965304423985869,-1.9193494626316174,-3.6906878088282604,-3.015017730317906,-2.4829526769936288,-1.3923416073244237,-0.9647712358457888,-0.5069276005575801
vc,Micah_Mur88,-1.1957167423462838,-1.1697577029148882,-3.2128019099323377,-2.4478934393556595,-1.8177700044092369,-0.5394259196999885,0.014020155829460262,0.6885212308733005
vc,Nahum_MT,-1.0205049131187491,-1.004350135061703,-2.6538361706538476,-2.050795354187853,-1.539418178976736,-0.4826494284487812,-0.015534591038316493,0.549981580061215
vc,Nahum_Mur88,-0.5540357357025767,-0.5666722054763982,-2.331055437815799,-1.6794757379964131,-1.1553754394280544,0.032786029363520486,0.5966790240564073,1.268332795667417
vc,Nehemiah_MT,-1.5674270231067697,-1.5513190755545128,-2.9117761542139515,-2.4215261201668423,-1.998114674155505,-1.122173034185718,-0.7333318599587835,-0.30134679814181886
vc,Numbers_4Q23,-1.3573359126398228,-1.3167060058472577,-3.3359753985119553,-2.558196961159134,-1.9464231522473971,-0.7269646901320213,-0.2041449245232793,0.3948300659787782
vc,Numbers_4Q27,-1.6274780685047106,-1.5783053900908155,-3.4829129876159883,-2.7523534753145156,-2.158138845783646,-1.036666423008582,-0.5735212898459718,-0.06626870648995077
vc,Numbers_MT,-1.3194232811925835,-1.3090292496683076,-1.9624953130049492,-1.7367770410468908,-1.530629456904476,-1.0987614892846391,-0.9154198976674348,-0.7277525091862127
vc,Obadiah_MT,-1.3553962663970007,-1.3236350243279258,-3.265953963382098,-2.5553032866153838,-1.9552787221783814,-0.7214697325058943,-0.2021629699877309,0.40355170221577363
vc,Obadiah_Mur88,-1.356972892307431,-1.3198663856629125,-3.337374085562543,-2.577060690579877,-1.970290440038409,-0.7215093415215853,-0.17182823398150796,0.44899853210375673
vc,Proverbs_MT,-0.9937148752738413,-0.9854784061827759,-2.2717009976996825,-1.805295900248694,-1.4127680491992332,-0.5641275941788585,-0.19777313704901933,0.21778167757761457
vc,Psalms_4Q83,-1.2979382644919168,-1.27059754388508,-3.24401141992879,-2.508563423845039,-1.9048464572943975,-0.6560661247138938,-0.11331897578426679,0.48578291661862016
vc,Psalms_4Q85,-1.3179088195906492,-1.2969141098458201,-3.2044314938062377,-2.5207806480771624,-1.9232898694788187,-0.6859172987366781,-0.15663640069239246,0.4429440532849083
vc,Psalms_4Q97,-0.5819133761271246,-0.5849717733837323,-2.3626512406280824,-1.738089724056775,-1.184203573105972,0.0027241263167452068,0.5770351548948716,1.2838871116506498
vc,Psalms_4Q98a,-1.4871077425772066,-1.4568032644834,-3.4101000633905585,-2.674129336115375,-2.068898824448281,-0.8648002960468409,-0.34901398579756415,0.2558076330203453
vc,Psalms_MT,-1.0735694601729002,-1.0683083784709007,-2.115693161937036,-1.7451345541135148,-1.4247494347658787,-0.7194942182611941,-0.40537245972302766,-0.07530573721415432
vc,Ruth_2Q17,-0.6539741460886379,-0.6568015623957757,-2.421660345830924,-1.7881343275775525,-1.2324038113912619,-0.085959466804418,0.47895664664621446,1.1392237700965189
vc,Ruth_4Q104,-0.5728881707061113,-0.587180898654524,-2.340662885504897,-1.707999505326721,-1.1722435868360592,0.011953527505976724,0.5856161987876692,1.2490967801033825
vc,Ruth_MT,0.6083079432995604,0.5904785412981786,-0.5283685037150531,-0.15128696245068246,0.1987076486690078,1.0034117064656671,1.387984489034965,1.829120584660501
vc,Samuel_1Q7,-1.340533763762599,-1.3069347561811069,-3.3199184666615036,-2.5497640357235505,-1.9291191482325425,-0.716209057514311,-0.17228797440499088,0.4654524636402736
vc,Samuel_4Q51,-0.3540853410612433,-0.34929277910648804,-1.5288234222747545,-1.1171935414294858,-0.752938254906381,0.0577161071182406,0.40819814997266185,0.8013713671765738
vc,Samuel_4Q52,-1.5407408819013808,-1.4927962707412994,-3.426111776253421,-2.6933728752622557,-2.086125223954161,-0.9464550896971398,-0.4465993710950423,0.07546794795928388
vc,Samuel_4Q53,-1.3523322231234876,-1.3174546744601583,-3.270717708231151,-2.5300880670511963,-1.9363881133947618,-0.7210565950092398,-0.2095246193109257,0.35793178446362056
vc,Samuel_MT,0.03270141175543583,0.03851390443158331,-0.35745021354131434,-0.21199727849325994,-0.09130307414156658,0.15985114997858313,0.2730960862441728,0.40118329720192325
vc,Song_of_songs_6Q6,-0.5383040860788693,-0.5569730521481355,-2.3418463277749098,-1.6926870300556383,-1.1507355659168093,0.051710825027225515,0.6400925358959483,1.3465792765712283
vc,Song_of_songs_MT,-1.233204747200513,-1.2099559098698616,-2.680894568301256,-2.142617429797448,-1.6911277316250883,-0.7531509931414951,-0.34460931231500147,0.08688899909491526
vc,Zechariah_MT,-1.7748393094505088,-1.75581519079618,-3.129606778012843,-2.632663231341553,-2.20899403787085,-1.3130696074921018,-0.9398273311176759,-0.5382426050744527
vc,Zephaniah_MT,-1.1929454714467282,-1.1796964621919765,-3.2044913675235627,-2.414691667200805,-1.8109363030843544,-0.5417787554038987,0.023759792427782946,0.6784159326634065
vc,Zephaniah_Mur88,-1.1745538707173404,-1.1496517408906488,-3.1941947167976696,-2.4253302836362387,-1.8185849933342517,-0.526993155694337,0.058675986520531916,0.7497680466734425
